cell	donor_id	prob_max	prob_doublet	n_vars	best_singlet	best_doublet	doublet_logLikRatio
AAACCTGCACCCAGTG-1	MantonCB1	1.00e+00	6.09e-08	74	MantonCB1	MantonCB1,MantonCB3	-11.564
AAACCTGCACTGTGTA-1S	MantonCB1	1.00e+00	4.67e-29	289	MantonCB1	MantonCB1,MantonCB3	-60.182
AAACCTGTCCTGCCAT-1	MantonCB1	1.00e+00	5.63e-11	108	MantonCB1	MantonCB1,MantonCB3	-18.550
AAACGGGCAGTTCCCT-3S	MantonCB3	1.00e+00	6.11e-13	159	MantonCB3	MantonCB2,MantonCB1	-23.073
AAACGGGGTAAGGATT-1D	doublet	1.05e-14	1.00e+00	132	MantonCB1	MantonCB1,MantonCB3	37.239
AAACGGGGTAGATTAG-3D	doublet	4.22e-18	1.00e+00	158	MantonCB2	MantonCB2,MantonCB1	45.057
AAAGCAAGTCGAATCT-3	MantonCB3	1.00e+00	3.20e-06	80	MantonCB3	MantonCB2,MantonCB1	-7.603
AAAGCAATCGGAATCT-1	MantonCB1	1.00e+00	1.92e-04	30	MantonCB1	MantonCB1,MantonCB3	-3.507
AAAGTAGAGGCCATAG-2	MantonCB2	1.00e+00	5.74e-06	46	MantonCB2	MantonCB2,MantonCB3	-7.017
AAAGTAGGTGGCTCCA-2	MantonCB2	1.00e+00	2.06e-09	82	MantonCB2	MantonCB2,MantonCB1	-14.951
AAAGTAGTCACTATTC-1	MantonCB1	1.00e+00	3.69e-13	119	MantonCB1	MantonCB1,MantonCB4	-23.579
AAAGTAGTCGCGATCG-1	MantonCB1	1.00e+00	1.31e-08	57	MantonCB1	MantonCB1,MantonCB2	-13.098
AAATGCCAGCGATTCT-3	MantonCB3	1.00e+00	4.27e-11	77	MantonCB3	MantonCB2,MantonCB1	-18.826
AAATGCCGTGTGACGA-1	MantonCB1	1.00e+00	2.08e-12	86	MantonCB1	MantonCB1,MantonCB3	-21.847
AAATGCCGTTGCTCCT-3	MantonCB3	1.00e+00	7.65e-06	61	MantonCB3	MantonCB2,MantonCB1	-6.731
AACCATGAGGATGGTC-1	MantonCB1	1.00e+00	1.25e-09	75	MantonCB1	MantonCB1,MantonCB3	-15.451
AACCGCGAGAACTGTA-3	MantonCB3	1.00e+00	4.74e-06	59	MantonCB3	MantonCB2,MantonCB4	-7.209
AACCGCGAGACGCAAC-2	MantonCB2	1.00e+00	2.04e-20	199	MantonCB2	MantonCB2,MantonCB3	-40.291
AACCGCGAGTGCTGCC-4	MantonCB4	1.00e+00	4.36e-09	72	MantonCB4	MantonCB1,MantonCB4	-14.201
AACCGCGGTCACTGGC-4	MantonCB4	1.00e+00	5.12e-09	76	MantonCB4	MantonCB2,MantonCB3	-14.039
AACCGCGTCCTTCAAT-4	MantonCB4	9.99e-01	1.46e-03	36	MantonCB4	MantonCB2,MantonCB3	-1.481
AACTCAGAGGCAGTCA-1	MantonCB1	1.00e+00	3.41e-10	106	MantonCB1	MantonCB1,MantonCB4	-16.748
AACTCAGCATGCATGT-2	MantonCB2	1.00e+00	2.04e-10	93	MantonCB2	MantonCB2,MantonCB3	-17.263
AACTCAGTCTCGTATT-4D	doublet	6.93e-14	1.00e+00	172	MantonCB2	MantonCB2,MantonCB3	35.351
AACTCCCAGAGTCTGG-4	MantonCB4	1.00e+00	9.76e-06	34	MantonCB4	MantonCB1,MantonCB4	-6.487
AACTCCCTCTGGCGTG-4	MantonCB4	1.00e+00	4.86e-06	52	MantonCB4	MantonCB2,MantonCB3	-7.183
AACTCTTAGACTGTAA-3	MantonCB3	1.00e+00	2.83e-08	100	MantonCB3	MantonCB2,MantonCB1	-12.330
AACTCTTGTAAAGGAG-3	MantonCB3	1.00e+00	2.74e-06	50	MantonCB3	MantonCB2,MantonCB4	-7.758
AACTCTTGTCATGCCG-4	MantonCB4	1.00e+00	1.30e-05	34	MantonCB4	MantonCB2,MantonCB3	-6.202
AACTCTTTCTGAGGGA-3	MantonCB3	9.96e-01	3.76e-03	50	MantonCB3	MantonCB2,MantonCB1	-0.529
AACTGGTAGCTAAACA-3	MantonCB3	9.99e-01	4.69e-04	29	MantonCB3	MantonCB2,MantonCB4	-2.613
AACTGGTGTACCGCTG-2	MantonCB2	1.00e+00	1.40e-06	66	MantonCB2	MantonCB2,MantonCB3	-8.429
AACTGGTGTCATCCCT-4	MantonCB4	1.00e+00	1.22e-07	100	MantonCB4	MantonCB2,MantonCB3	-10.865
AACTGGTTCATTTGGG-4	MantonCB4	1.00e+00	2.55e-06	68	MantonCB4	MantonCB2,MantonCB3	-7.828
AACTTTCTCTGTCTCG-3	MantonCB3	1.00e+00	5.20e-08	76	MantonCB3	MantonCB2,MantonCB4	-11.722
AAGACCTAGTTGTCGT-4	MantonCB4	1.00e+00	9.75e-12	124	MantonCB4	MantonCB1,MantonCB4	-20.304
AAGACCTTCGGAATCT-4	MantonCB4	1.00e+00	5.25e-09	60	MantonCB4	MantonCB2,MantonCB3	-14.014
AAGACCTTCGTAGATC-4	MantonCB4	1.00e+00	1.15e-06	73	MantonCB4	MantonCB2,MantonCB3	-8.622
AAGCCGCAGGTGACCA-1	MantonCB1	1.00e+00	8.50e-07	58	MantonCB1	MantonCB1,MantonCB4	-8.928
AAGCCGCGTCAAAGAT-2	MantonCB2	9.99e-01	4.09e-04	24	MantonCB2	MantonCB2,MantonCB3	-2.750
AAGCCGCTCCCATTTA-1	MantonCB1	1.00e+00	1.43e-12	108	MantonCB1	MantonCB1,MantonCB2	-22.222
AAGGAGCCAAACCCAT-4	MantonCB4	1.00e+00	2.79e-09	67	MantonCB4	MantonCB1,MantonCB4	-14.647
AAGGAGCCAACGCACC-1	MantonCB1	1.00e+00	2.05e-06	50	MantonCB1	MantonCB1,MantonCB4	-8.048
AAGGAGCCACATCCAA-1	MantonCB1	9.99e-01	5.12e-04	18	MantonCB1	MantonCB1,MantonCB2	-2.525
AAGGAGCTCCTAGGGC-3	MantonCB3	1.00e+00	1.67e-07	79	MantonCB3	MantonCB2,MantonCB1	-10.554
AAGTCTGAGCCCAACC-2	MantonCB2	1.00e+00	3.99e-06	65	MantonCB2	MantonCB2,MantonCB3	-7.381
AAGTCTGCATATACCG-4	MantonCB4	1.00e+00	1.57e-07	81	MantonCB4	MantonCB2,MantonCB4	-10.615
AATCCAGAGTACCGGA-1	MantonCB1	1.00e+00	1.24e-05	40	MantonCB1	MantonCB1,MantonCB3	-6.248
AATCCAGTCTGAAAGA-3	MantonCB3	1.00e+00	9.37e-07	74	MantonCB3	MantonCB2,MantonCB4	-8.831
AATCGGTCATTGGGCC-4	MantonCB4	1.00e+00	3.81e-05	81	MantonCB4	MantonCB2,MantonCB4	-5.124
AATCGGTTCCCACTTG-3	MantonCB3	1.00e+00	1.77e-05	87	MantonCB3	MantonCB2,MantonCB1	-5.894
ACACCAACAATCTACG-4	MantonCB4	1.00e+00	7.78e-07	60	MantonCB4	MantonCB2,MantonCB3	-9.016
ACACCAATCGGAGGTA-3	MantonCB3	1.00e+00	8.22e-10	65	MantonCB3	MantonCB2,MantonCB1	-15.869
ACACCGGAGACTAAGT-4	MantonCB4	1.00e+00	4.32e-09	96	MantonCB4	MantonCB2,MantonCB3	-14.210
ACACCGGAGAGTACAT-2	MantonCB2	1.00e+00	9.24e-05	56	MantonCB2	MantonCB2,MantonCB3	-4.239
ACACCGGGTCTGCGGT-1	MantonCB1	1.00e+00	6.07e-09	77	MantonCB1	MantonCB1,MantonCB3	-13.870
ACACTGATCCTCCTAG-4	MantonCB4	1.00e+00	1.77e-07	74	MantonCB4	MantonCB2,MantonCB3	-10.497
ACAGCCGTCTGCGGCA-3	MantonCB3	1.00e+00	1.75e-04	38	MantonCB3	MantonCB2,MantonCB1	-3.598
ACAGCTAAGACACGAC-4	MantonCB4	1.00e+00	6.77e-11	94	MantonCB4	MantonCB2,MantonCB3	-18.365
ACAGCTAAGTAGATGT-3	MantonCB3	1.00e+00	3.27e-05	56	MantonCB3	MantonCB2,MantonCB1	-5.276
ACAGCTAGTGTGGTTT-2	MantonCB2	1.00e+00	1.21e-12	112	MantonCB2	MantonCB2,MantonCB3	-22.388
ACATACGAGCGCTCCA-3	MantonCB3	1.00e+00	1.16e-08	72	MantonCB3	MantonCB1,MantonCB3	-13.222
ACATACGCAAAGCGGT-2	MantonCB2	1.00e+00	2.56e-05	49	MantonCB2	MantonCB2,MantonCB3	-5.523
ACATACGGTTCCCTTG-3	MantonCB3	1.00e+00	1.05e-06	60	MantonCB3	MantonCB2,MantonCB4	-8.718
ACATCAGTCGCCTGAG-1	MantonCB1	1.00e+00	5.34e-16	136	MantonCB1	MantonCB1,MantonCB2	-30.116
ACATGGTCACACATGT-3	MantonCB3	1.00e+00	1.86e-06	56	MantonCB3	MantonCB2,MantonCB1	-8.146
ACATGGTCACCCTATC-2D	doublet	4.04e-16	1.00e+00	144	MantonCB2	MantonCB2,MantonCB1	40.495
ACATGGTCATGCTAGT-2	MantonCB2	1.00e+00	7.91e-10	87	MantonCB2	MantonCB2,MantonCB1	-15.908
ACCAGTAAGATCTGCT-3	MantonCB3	1.00e+00	4.39e-10	68	MantonCB3	MantonCB1,MantonCB3	-16.495
ACCAGTAAGCAGCCTC-2	MantonCB2	1.00e+00	1.40e-07	85	MantonCB2	MantonCB2,MantonCB3	-10.730
ACCAGTACACAGACTT-2	MantonCB2	1.00e+00	8.44e-09	96	MantonCB2	MantonCB2,MantonCB3	-13.540
ACCAGTACATTCACTT-2	MantonCB2	1.00e+00	1.74e-06	47	MantonCB2	MantonCB2,MantonCB1	-8.212
ACCCACTCACGACTCG-1	MantonCB1	1.00e+00	1.01e-07	62	MantonCB1	MantonCB1,MantonCB3	-11.060
ACCGTAACATCTACGA-3	MantonCB3	1.00e+00	1.80e-12	117	MantonCB3	MantonCB2,MantonCB1	-21.995
ACCGTAAGTATATCCG-2	MantonCB2	1.00e+00	5.21e-06	44	MantonCB2	MantonCB2,MantonCB3	-7.115
ACCGTAATCACTATTC-4D	MantonCB1	9.83e-01	1.23e-02	126	MantonCB1	MantonCB1,MantonCB2	0.666
ACCTTTAAGGCTAGAC-3	MantonCB3	1.00e+00	2.38e-07	74	MantonCB3	MantonCB1,MantonCB3	-10.200
ACCTTTAGTGTTCGAT-3	MantonCB3	1.00e+00	5.29e-08	83	MantonCB3	MantonCB2,MantonCB1	-11.704
ACGAGCCAGTGACATA-1	MantonCB1	1.00e+00	7.68e-18	180	MantonCB1	MantonCB1,MantonCB4	-34.358
ACGAGCCCACGGCTAC-3	MantonCB3	1.00e+00	4.90e-09	83	MantonCB3	MantonCB1,MantonCB3	-14.083
ACGAGCCCAGGAATGC-2	MantonCB2	1.00e+00	4.73e-06	68	MantonCB2	MantonCB2,MantonCB3	-7.211
ACGAGCCGTCGACTGC-3	MantonCB3	1.00e+00	1.03e-06	62	MantonCB3	MantonCB1,MantonCB3	-8.740
ACGAGGAAGATACACA-4	MantonCB4	1.00e+00	7.27e-08	109	MantonCB4	MantonCB2,MantonCB3	-11.386
ACGAGGAAGCTCTCGG-1	MantonCB1	1.00e+00	2.19e-05	33	MantonCB1	MantonCB1,MantonCB4	-5.678
ACGAGGAAGGCAATTA-3	MantonCB3	1.00e+00	8.71e-08	64	MantonCB3	MantonCB2,MantonCB4	-11.206
ACGAGGACACAAGCCC-2	MantonCB2	1.00e+00	1.54e-06	61	MantonCB2	MantonCB2,MantonCB3	-8.334
ACGAGGACACTTACGA-2	MantonCB2	1.00e+00	5.82e-08	87	MantonCB2	MantonCB2,MantonCB3	-11.610
ACGAGGACAGCCTTTC-1	MantonCB1	1.00e+00	7.02e-17	127	MantonCB1	MantonCB1,MantonCB4	-32.145
ACGAGGACATTCCTGC-3	MantonCB3	1.00e+00	5.68e-06	61	MantonCB3	MantonCB2,MantonCB4	-7.029
ACGATACCAAATACAG-3	MantonCB3	1.00e+00	7.87e-07	61	MantonCB3	MantonCB2,MantonCB4	-9.005
ACGATACGTATCGCAT-3	MantonCB3	1.00e+00	1.55e-05	54	MantonCB3	MantonCB2,MantonCB4	-6.025
ACGATACGTTGATTGC-2	MantonCB2	1.00e+00	4.66e-10	72	MantonCB2	MantonCB2,MantonCB3	-16.437
ACGATGTAGGTGCACA-3	MantonCB3	1.00e+00	8.07e-06	61	MantonCB3	MantonCB2,MantonCB1	-6.677
ACGATGTAGTCCATAC-2	MantonCB2	1.00e+00	1.47e-07	61	MantonCB2	MantonCB2,MantonCB3	-10.686
ACGATGTGTCATACTG-4	MantonCB4	1.00e+00	5.99e-07	37	MantonCB4	MantonCB1,MantonCB4	-9.277
ACGATGTTCGGTTAAC-4	MantonCB4	1.00e+00	2.10e-05	64	MantonCB4	MantonCB1,MantonCB4	-5.719
ACGCAGCGTAGGAGTC-1	MantonCB1	1.00e+00	1.52e-06	71	MantonCB1	MantonCB1,MantonCB4	-8.344
ACGCAGCTCCTGCAGG-3	MantonCB3	1.00e+00	1.49e-08	76	MantonCB3	MantonCB2,MantonCB1	-12.974
ACGCCAGAGAGACTTA-1	MantonCB1	1.00e+00	2.56e-06	35	MantonCB1	MantonCB1,MantonCB3	-7.823
ACGCCAGCACCAACCG-2	MantonCB2	1.00e+00	6.03e-08	82	MantonCB2	MantonCB1,MantonCB2	-11.574
ACGCCAGCAGTTCCCT-4	MantonCB4	1.00e+00	1.27e-08	68	MantonCB4	MantonCB2,MantonCB3	-13.131
ACGCCGAAGAGTAAGG-3	MantonCB3	1.00e+00	3.01e-06	54	MantonCB3	MantonCB1,MantonCB3	-7.663
ACGGAGATCTTAGAGC-1	MantonCB1	1.00e+00	3.46e-10	94	MantonCB1	MantonCB1,MantonCB3	-16.734
ACGGCCAGTATAGGTA-2	MantonCB2	1.00e+00	1.12e-05	53	MantonCB2	MantonCB2,MantonCB3	-6.346
ACGGGCTAGTCGAGTG-1	MantonCB1	1.00e+00	2.70e-07	75	MantonCB1	MantonCB1,MantonCB3	-10.074
ACGGGCTCATGGTTGT-4	MantonCB4	1.00e+00	7.58e-07	54	MantonCB4	MantonCB2,MantonCB3	-9.042
ACGGGCTGTCCAACTA-4	MantonCB4	1.00e+00	4.82e-06	41	MantonCB4	MantonCB2,MantonCB3	-7.192
ACGGGTCAGAACAACT-2	MantonCB2	1.00e+00	6.43e-07	81	MantonCB2	MantonCB2,MantonCB3	-9.207
ACGGGTCCACGAGGTA-2	MantonCB2	1.00e+00	8.55e-08	74	MantonCB2	MantonCB2,MantonCB3	-11.224
ACGGGTCGTCTCTCGT-1D	doublet	2.14e-14	1.00e+00	120	MantonCB3	MantonCB1,MantonCB3	36.523
ACGTCAACAGCGAACA-1	MantonCB1	1.00e+00	1.81e-07	47	MantonCB1	MantonCB1,MantonCB2	-10.472
ACGTCAATCACCTTAT-1	MantonCB1	9.99e-01	7.07e-04	19	MantonCB1	MantonCB1,MantonCB4	-2.203
ACGTCAATCTTAGAGC-1	MantonCB1	1.00e+00	3.75e-14	129	MantonCB1	MantonCB1,MantonCB4	-25.864
ACTATCTCAACACCCG-2	MantonCB2	1.00e+00	7.65e-10	85	MantonCB2	MantonCB1,MantonCB2	-15.941
ACTATCTCAATGGTCT-4	MantonCB4	1.00e+00	5.73e-08	72	MantonCB4	MantonCB1,MantonCB4	-11.626
ACTATCTCACATGTGT-3	MantonCB3	1.00e+00	3.11e-08	59	MantonCB3	MantonCB1,MantonCB3	-12.236
ACTGAACAGTGGGATC-4	MantonCB4	1.00e+00	2.20e-06	45	MantonCB4	MantonCB2,MantonCB3	-7.979
ACTGAACCACGTCTCT-1	MantonCB1	1.00e+00	8.09e-07	84	MantonCB1	MantonCB1,MantonCB2	-8.977
ACTGAACGTATGCTTG-1	MantonCB1	1.00e+00	5.80e-17	139	MantonCB1	MantonCB1,MantonCB3	-32.335
ACTGAACTCCACGAAT-1	MantonCB1	1.00e+00	8.36e-06	55	MantonCB1	MantonCB1,MantonCB3	-6.642
ACTGAGTGTGATGCCC-3	MantonCB3	1.00e+00	2.59e-05	49	MantonCB3	MantonCB2,MantonCB1	-5.511
ACTGAGTTCGGACAAG-3	MantonCB3	1.00e+00	1.60e-09	73	MantonCB3	MantonCB1,MantonCB3	-15.205
ACTGATGCACCCAGTG-3	MantonCB3	1.00e+00	9.40e-06	49	MantonCB3	MantonCB2,MantonCB1	-6.524
ACTGATGCAGATGGCA-1	MantonCB1	1.00e+00	1.92e-07	48	MantonCB1	MantonCB1,MantonCB3	-10.416
ACTGATGCATAGGATA-3	MantonCB3	1.00e+00	6.80e-08	64	MantonCB3	MantonCB2,MantonCB1	-11.454
ACTGATGCATCACGAT-3	MantonCB3	1.00e+00	1.95e-09	65	MantonCB3	MantonCB2,MantonCB1	-15.007
ACTGCTCGTATCGCAT-4	MantonCB4	1.00e+00	3.13e-06	43	MantonCB4	MantonCB2,MantonCB3	-7.625
ACTGTCCCAGGTCTCG-1	MantonCB1	1.00e+00	2.02e-11	131	MantonCB1	MantonCB1,MantonCB3	-19.574
ACTGTCCTCACCGGGT-1	MantonCB1	1.00e+00	1.51e-12	102	MantonCB1	MantonCB1,MantonCB3	-22.170
ACTTACTGTACAGTGG-2	MantonCB2	1.00e+00	4.71e-11	106	MantonCB2	MantonCB2,MantonCB3	-18.727
ACTTACTTCCGAAGAG-3D	doublet	2.66e-12	1.00e+00	118	MantonCB3	MantonCB2,MantonCB1	31.701
ACTTGTTCAATCCAAC-1	MantonCB1	1.00e+00	1.55e-15	135	MantonCB1	MantonCB1,MantonCB3	-29.052
ACTTTCACAATCTGCA-4	MantonCB4	1.00e+00	7.29e-09	81	MantonCB4	MantonCB2,MantonCB3	-13.686
AGAATAGGTTCGCGAC-3	MantonCB3	1.00e+00	4.65e-05	39	MantonCB3	MantonCB1,MantonCB3	-4.925
AGAATAGTCAGGCCCA-3	MantonCB3	1.00e+00	7.14e-08	68	MantonCB3	MantonCB1,MantonCB3	-11.405
AGAGCGAAGGACATTA-1	MantonCB1	1.00e+00	5.03e-13	113	MantonCB1	MantonCB1,MantonCB3	-23.268
AGAGCGAGTTCTCATT-2	MantonCB2	1.00e+00	4.87e-08	71	MantonCB2	MantonCB2,MantonCB3	-11.787
AGAGCTTGTTACCAGT-1	MantonCB1	1.00e+00	3.12e-09	106	MantonCB1	MantonCB1,MantonCB2	-14.537
AGAGCTTTCATCTGTT-1	MantonCB1	1.00e+00	1.30e-17	145	MantonCB1	MantonCB1,MantonCB3	-33.830
AGAGTGGAGCACCGTC-1	MantonCB1	1.00e+00	4.24e-07	80	MantonCB1	MantonCB1,MantonCB4	-9.624
AGAGTGGCACCGAATT-2	MantonCB2	1.00e+00	1.05e-07	88	MantonCB2	MantonCB2,MantonCB1	-11.015
AGAGTGGCACGTCTCT-2	MantonCB2	1.00e+00	4.33e-05	56	MantonCB2	MantonCB1,MantonCB2	-4.997
AGATCTGAGACCTAGG-3	MantonCB3	1.00e+00	1.68e-05	58	MantonCB3	MantonCB2,MantonCB4	-5.943
AGCAGCCCACAACGTT-2	MantonCB2	1.00e+00	3.60e-04	64	MantonCB2	MantonCB2,MantonCB1	-2.879
AGCAGCCGTGGCAAAC-2	MantonCB2	1.00e+00	5.84e-09	73	MantonCB2	MantonCB2,MantonCB3	-13.907
AGCAGCCTCTGATACG-2	MantonCB2	1.00e+00	1.34e-04	42	MantonCB2	MantonCB1,MantonCB2	-3.871
AGCATACTCCTTAATC-2	MantonCB2	1.00e+00	4.06e-14	113	MantonCB2	MantonCB2,MantonCB1	-25.785
AGCCTAACACAAGCCC-3	MantonCB3	1.00e+00	7.63e-06	52	MantonCB3	MantonCB2,MantonCB4	-6.733
AGCCTAATCGCGATCG-4	MantonCB4	1.00e+00	2.53e-06	50	MantonCB4	MantonCB2,MantonCB3	-7.836
AGCGGTCAGACTACAA-4	MantonCB4	1.00e+00	2.07e-06	55	MantonCB4	MantonCB2,MantonCB3	-8.036
AGCGGTCAGTCCCACG-4	MantonCB4	1.00e+00	1.85e-05	39	MantonCB4	MantonCB1,MantonCB4	-5.849
AGCGGTCCAGGGTTAG-1	MantonCB1	9.98e-01	1.74e-03	16	MantonCB1	MantonCB1,MantonCB4	-1.300
AGCGTCGAGAAGGGTA-4	MantonCB4	1.00e+00	5.71e-08	42	MantonCB4	MantonCB1,MantonCB4	-11.628
AGCGTCGAGGAATTAC-2	MantonCB2	1.00e+00	1.80e-05	30	MantonCB2	MantonCB2,MantonCB3	-5.876
AGCGTCGAGTTCGATC-3	MantonCB3	1.00e+00	4.73e-05	29	MantonCB3	MantonCB2,MantonCB4	-4.909
AGCGTCGCAGGGTTAG-2	MantonCB2	1.00e+00	1.54e-04	29	MantonCB2	MantonCB2,MantonCB3	-3.727
AGCGTCGGTTACGGAG-2	MantonCB2	1.00e+00	1.36e-05	32	MantonCB2	MantonCB2,MantonCB3	-6.153
AGCGTCGTCTTCAACT-3	MantonCB3	9.95e-01	2.96e-03	23	MantonCB3	MantonCB2,MantonCB1	-0.769
AGCTCCTGTGTGACCC-4	MantonCB4	9.99e-01	8.73e-04	44	MantonCB4	MantonCB2,MantonCB3	-1.993
AGCTCCTTCGATCCCT-4	MantonCB4	1.00e+00	1.28e-07	74	MantonCB4	MantonCB2,MantonCB3	-10.819
AGCTCTCAGAGTGAGA-4	MantonCB4	1.00e+00	1.76e-08	58	MantonCB4	MantonCB2,MantonCB3	-12.802
AGCTCTCTCATCGGAT-2	MantonCB2	1.00e+00	7.00e-07	86	MantonCB2	MantonCB2,MantonCB3	-9.122
AGCTTGACAAATCCGT-2	MantonCB2	1.00e+00	1.30e-09	70	MantonCB2	MantonCB2,MantonCB3	-15.409
AGGCCACGTAGCAAAT-4	MantonCB4	1.00e+00	8.06e-08	72	MantonCB4	MantonCB2,MantonCB4	-11.284
AGGCCGTAGCCCTAAT-2	MantonCB2	1.00e+00	1.28e-06	65	MantonCB2	MantonCB2,MantonCB3	-8.522
AGGCCGTTCCCTAACC-3	MantonCB3	1.00e+00	6.70e-09	73	MantonCB3	MantonCB1,MantonCB3	-13.771
AGGGAGTGTAAGCACG-4	MantonCB4	1.00e+00	7.20e-08	64	MantonCB4	MantonCB1,MantonCB4	-11.396
AGGGAGTTCTGGAGCC-3	MantonCB3	1.00e+00	1.98e-08	48	MantonCB3	MantonCB1,MantonCB3	-12.685
AGGGAGTTCTTACCGC-2	MantonCB2	1.00e+00	1.41e-08	80	MantonCB2	MantonCB1,MantonCB2	-13.028
AGGGATGAGTGGACGT-1	MantonCB1	1.00e+00	3.07e-04	36	MantonCB1	MantonCB1,MantonCB4	-3.039
AGGGATGGTAGGGACT-3	MantonCB3	1.00e+00	3.23e-08	65	MantonCB3	MantonCB2,MantonCB4	-12.198
AGGGTGAAGTTTGCGT-3	MantonCB3	1.00e+00	5.93e-09	89	MantonCB3	MantonCB1,MantonCB3	-13.893
AGGGTGAGTCGCGAAA-1	MantonCB1	1.00e+00	1.12e-05	89	MantonCB1	MantonCB1,MantonCB4	-6.353
AGGTCATAGTAGGTGC-1	MantonCB1	9.97e-01	2.54e-03	22	MantonCB1	MantonCB1,MantonCB4	-0.923
AGGTCATGTATAATGG-3	MantonCB3	1.00e+00	5.89e-09	74	MantonCB3	MantonCB2,MantonCB1	-13.901
AGGTCCGAGCGTGAAC-4	MantonCB4	1.00e+00	2.44e-06	46	MantonCB4	MantonCB2,MantonCB3	-7.871
AGTAGTCCAAGCGTAG-3	MantonCB3	1.00e+00	3.36e-05	52	MantonCB3	MantonCB1,MantonCB3	-5.250
AGTAGTCCAGGGTTAG-3	MantonCB3	1.00e+00	3.54e-05	61	MantonCB3	MantonCB1,MantonCB3	-5.199
AGTAGTCGTAGTACCT-4	MantonCB4	1.00e+00	1.06e-08	78	MantonCB4	MantonCB2,MantonCB3	-13.311
AGTAGTCGTCCAACTA-2	MantonCB2	1.00e+00	6.22e-11	86	MantonCB2	MantonCB1,MantonCB2	-18.450
AGTAGTCTCCAATGGT-3	MantonCB3	1.00e+00	2.91e-10	70	MantonCB3	MantonCB2,MantonCB1	-16.906
AGTCTTTCATTTGCTT-2	MantonCB2	1.00e+00	2.08e-11	88	MantonCB2	MantonCB2,MantonCB3	-19.547
AGTCTTTTCTGGTGTA-1	MantonCB1	1.00e+00	4.99e-10	77	MantonCB1	MantonCB1,MantonCB3	-16.368
AGTGAGGTCATCTGCC-4	MantonCB4	1.00e+00	9.63e-08	46	MantonCB4	MantonCB2,MantonCB4	-11.105
AGTGTCACACGGTTTA-1	MantonCB1	1.00e+00	3.50e-09	113	MantonCB1	MantonCB1,MantonCB2	-14.419
AGTGTCATCCTGTACC-3D	doublet	3.24e-14	1.00e+00	218	MantonCB3	MantonCB2,MantonCB1	36.110
AGTTGGTCACTTAACG-4	MantonCB4	1.00e+00	4.01e-09	98	MantonCB4	MantonCB2,MantonCB3	-14.285
ATAACGCCATAACCTG-1	MantonCB1	1.00e+00	1.12e-13	136	MantonCB1	MantonCB1,MantonCB4	-24.767
ATAACGCGTCATCGGC-3	MantonCB3	1.00e+00	1.13e-04	55	MantonCB3	MantonCB2,MantonCB1	-4.033
ATAAGAGGTCAGAGGT-1	MantonCB1	1.00e+00	3.80e-10	86	MantonCB1	MantonCB1,MantonCB4	-16.642
ATAGACCAGAAACCAT-2	MantonCB2	1.00e+00	9.04e-07	58	MantonCB2	MantonCB2,MantonCB3	-8.867
ATAGACCAGCTCCTCT-3S	MantonCB3	1.00e+00	5.96e-13	152	MantonCB3	MantonCB2,MantonCB4	-23.099
ATAGACCCACGAGAGT-3	MantonCB3	1.00e+00	2.98e-05	56	MantonCB3	MantonCB2,MantonCB1	-5.372
ATAGACCCAGGATTGG-2	MantonCB2	1.00e+00	1.13e-10	123	MantonCB2	MantonCB2,MantonCB1	-17.852
ATAGACCTCCGATATG-1D	doublet	6.15e-16	1.00e+00	121	MantonCB1	MantonCB1,MantonCB3	40.075
ATCACGATCGTTTAGG-2	MantonCB2	1.00e+00	5.73e-07	54	MantonCB2	MantonCB2,MantonCB3	-9.323
ATCATCTTCCACTGGG-4	MantonCB4	1.00e+00	2.35e-06	99	MantonCB4	MantonCB2,MantonCB3	-7.911
ATCATGGGTAAACGCG-2	MantonCB2	1.00e+00	2.04e-07	43	MantonCB2	MantonCB1,MantonCB2	-10.355
ATCCACCTCGAATGCT-2	MantonCB2	1.00e+00	9.89e-07	64	MantonCB2	MantonCB2,MantonCB3	-8.777
ATCCGAACACAGGAGT-4	MantonCB4	1.00e+00	1.19e-06	42	MantonCB4	MantonCB2,MantonCB3	-8.592
ATCCGAAGTACCGAGA-1	MantonCB1	1.00e+00	5.28e-12	135	MantonCB1	MantonCB1,MantonCB3	-20.916
ATCCGAAGTCAAACTC-4	MantonCB4	9.96e-01	3.38e-03	36	MantonCB4	MantonCB2,MantonCB3	-0.636
ATCGAGTAGACTAGAT-3D	doublet	3.15e-11	1.00e+00	129	MantonCB3	MantonCB2,MantonCB4	29.230
ATCGAGTCAGACAAGC-2	MantonCB2	1.00e+00	2.65e-13	125	MantonCB2	MantonCB2,MantonCB3	-23.907
ATCGAGTCATCACGTA-4	MantonCB4	1.00e+00	5.68e-05	36	MantonCB4	MantonCB2,MantonCB3	-4.725
ATCGAGTCATGTAAGA-4	MantonCB4	1.00e+00	5.81e-09	73	MantonCB4	MantonCB2,MantonCB3	-13.913
ATCGAGTGTCGAAAGC-2	MantonCB2	1.00e+00	7.29e-06	50	MantonCB2	MantonCB2,MantonCB3	-6.778
ATCGAGTGTGCTAGCC-4	MantonCB4	1.00e+00	1.21e-16	127	MantonCB4	MantonCB1,MantonCB4	-31.598
ATCTACTGTTCCACAA-2	MantonCB2	1.00e+00	2.17e-14	124	MantonCB2	MantonCB2,MantonCB3	-26.410
ATCTGCCGTTGGTAAA-2	MantonCB2	1.00e+00	6.53e-08	69	MantonCB2	MantonCB2,MantonCB3	-11.494
ATGAGGGAGATCCTGT-1	MantonCB1	1.00e+00	1.40e-09	86	MantonCB1	MantonCB1,MantonCB2	-15.334
ATGGGAGAGAATTCCC-4	MantonCB4	1.00e+00	1.12e-06	45	MantonCB4	MantonCB2,MantonCB3	-8.648
ATGTGTGTCGTGGGAA-4	MantonCB4	1.00e+00	2.99e-08	53	MantonCB4	MantonCB1,MantonCB4	-12.275
ATTACTCCAGGACCCT-3	MantonCB3	1.00e+00	1.22e-09	81	MantonCB3	MantonCB1,MantonCB3	-15.474
ATTACTCTCCTGCTTG-4	MantonCB4	1.00e+00	5.25e-08	71	MantonCB4	MantonCB1,MantonCB4	-11.712
ATTATCCTCAACGGCC-2	MantonCB2	1.00e+00	2.20e-09	82	MantonCB2	MantonCB2,MantonCB3	-14.884
ATTATCCTCACGCGGT-2	MantonCB2	1.00e+00	1.62e-06	42	MantonCB2	MantonCB2,MantonCB3	-8.281
ATTGGACAGGTGATAT-4	MantonCB4	1.00e+00	3.76e-06	49	MantonCB4	MantonCB2,MantonCB3	-7.440
ATTGGTGCAATAACGA-1	MantonCB1	1.00e+00	9.36e-07	58	MantonCB1	MantonCB1,MantonCB2	-8.831
ATTTCTGCAAAGGTGC-4	MantonCB4	1.00e+00	4.37e-07	68	MantonCB4	MantonCB1,MantonCB4	-9.593
ATTTCTGCATCCGTGG-4	MantonCB4	1.00e+00	7.74e-06	37	MantonCB4	MantonCB1,MantonCB4	-6.718
ATTTCTGGTCAAGCGA-4	MantonCB4	1.00e+00	1.80e-12	112	MantonCB4	MantonCB2,MantonCB3	-21.991
ATTTCTGTCACGCGGT-1	MantonCB1	1.00e+00	7.13e-05	30	MantonCB1	MantonCB1,MantonCB4	-4.498
CAACCAAAGCTAGGCA-1	MantonCB1	9.83e-01	9.53e-03	38	MantonCB1	MantonCB1,MantonCB3	0.414
CAACCAAAGGTGCAAC-3	MantonCB3	1.00e+00	2.42e-07	97	MantonCB3	MantonCB1,MantonCB3	-10.186
CAACCAACACAAGACG-4	MantonCB4	1.00e+00	1.29e-06	62	MantonCB4	MantonCB1,MantonCB4	-8.509
CAACCTCGTATCACCA-1	MantonCB1	1.00e+00	1.02e-05	37	MantonCB1	MantonCB1,MantonCB4	-6.443
CAACCTCGTGTGAATA-4	MantonCB4	1.00e+00	3.29e-06	62	MantonCB4	MantonCB2,MantonCB3	-7.574
CAACTAGAGTTAAGTG-1	MantonCB1	1.00e+00	3.34e-12	106	MantonCB1	MantonCB1,MantonCB3	-21.375
CAACTAGGTCCAGTGC-1	MantonCB1	1.00e+00	8.38e-06	93	MantonCB1	MantonCB1,MantonCB4	-6.640
CAAGAAAAGCCACTAT-3	MantonCB3	1.00e+00	2.19e-12	95	MantonCB3	MantonCB1,MantonCB3	-21.797
CAAGAAAAGGTGATAT-3	MantonCB3	1.00e+00	1.05e-13	137	MantonCB3	MantonCB2,MantonCB1	-24.831
CAAGAAATCATGTGGT-4	MantonCB4	1.00e+00	2.77e-07	59	MantonCB4	MantonCB2,MantonCB3	-10.048
CAAGAAATCGTAGGAG-2	MantonCB2	9.99e-01	4.89e-04	18	MantonCB2	MantonCB2,MantonCB3	-2.573
CAAGATCTCCACGTTC-4	MantonCB4	1.00e+00	6.36e-06	44	MantonCB4	MantonCB2,MantonCB3	-6.915
CAAGGCCCAACACCCG-3	MantonCB3	1.00e+00	2.40e-04	59	MantonCB3	MantonCB2,MantonCB1	-3.284
CAAGTTGCAAGAAAGG-3	MantonCB3	1.00e+00	1.27e-11	101	MantonCB3	MantonCB1,MantonCB3	-20.042
CAAGTTGGTCTTCAAG-4	MantonCB4	1.00e+00	1.45e-09	90	MantonCB4	MantonCB2,MantonCB3	-15.301
CACAAACTCGTAGGAG-3	MantonCB3	1.00e+00	6.90e-13	111	MantonCB3	MantonCB2,MantonCB1	-22.952
CACACAACAATGACCT-3	MantonCB3	1.00e+00	1.09e-11	144	MantonCB3	MantonCB2,MantonCB1	-20.194
CACACTCCAGGACCCT-2	MantonCB2	1.00e+00	2.70e-06	68	MantonCB2	MantonCB2,MantonCB3	-7.773
CACACTCCAGTAAGAT-3	MantonCB3	1.00e+00	2.54e-04	33	MantonCB3	MantonCB2,MantonCB4	-3.229
CACACTCGTAGCGTGA-2D	doublet	6.80e-11	9.98e-01	102	MantonCB3	MantonCB2,MantonCB1	28.460
CACAGGCCAGGGTTAG-3	MantonCB3	1.00e+00	1.74e-09	70	MantonCB3	MantonCB2,MantonCB1	-15.120
CACAGGCGTGAGGGAG-4	MantonCB4	1.00e+00	8.67e-05	39	MantonCB4	MantonCB2,MantonCB3	-4.302
CACAGGCTCTTGTATC-1	MantonCB1	1.00e+00	7.47e-07	47	MantonCB1	MantonCB1,MantonCB4	-9.058
CACAGTAAGTGACATA-3	MantonCB3	1.00e+00	3.43e-07	78	MantonCB3	MantonCB2,MantonCB4	-9.837
CACATAGCAAGTTCTG-3	MantonCB3	1.00e+00	2.40e-07	96	MantonCB3	MantonCB2,MantonCB4	-10.192
CACATTTGTATAGGTA-1	MantonCB1	1.00e+00	6.91e-17	142	MantonCB1	MantonCB1,MantonCB4	-32.161
CACCACTCAAGTAATG-3	MantonCB3	1.00e+00	1.14e-05	36	MantonCB3	MantonCB1,MantonCB3	-6.335
CACCACTGTATGAATG-2	MantonCB2	1.00e+00	1.38e-05	39	MantonCB2	MantonCB1,MantonCB2	-6.140
CACCACTTCAGCGACC-2	MantonCB2	1.00e+00	2.89e-19	203	MantonCB2	MantonCB2,MantonCB3	-37.636
CACCAGGGTAAGTTCC-1D	doublet	3.59e-10	1.00e+00	225	MantonCB1	MantonCB1,MantonCB4	26.799
CACCAGGGTCGCATCG-1	MantonCB1	1.00e+00	5.30e-15	159	MantonCB1	MantonCB1,MantonCB2	-27.820
CACCAGGGTTCACGGC-1	MantonCB1	1.00e+00	6.31e-12	87	MantonCB1	MantonCB1,MantonCB4	-20.738
CACTCCACAATGAAAC-1	MantonCB1	1.00e+00	3.36e-15	141	MantonCB1	MantonCB1,MantonCB4	-28.276
CACTCCACATGGATGG-4	MantonCB4	1.00e+00	3.79e-06	56	MantonCB4	MantonCB2,MantonCB3	-7.432
CAGAATCAGACTAGAT-1	MantonCB1	1.00e+00	7.80e-06	47	MantonCB1	MantonCB1,MantonCB2	-6.711
CAGAATCAGCGCTCCA-4	MantonCB4	9.93e-01	4.79e-03	27	MantonCB4	MantonCB2,MantonCB3	-0.284
CAGAATCCAAAGAATC-1D	doublet	1.36e-09	1.00e+00	167	MantonCB1	MantonCB1,MantonCB3	25.469
CAGAATCGTACATCCA-2	MantonCB2	1.00e+00	7.02e-05	41	MantonCB2	MantonCB2,MantonCB1	-4.513
CAGAATCGTATGAATG-2D	doublet	4.35e-12	1.00e+00	131	MantonCB2	MantonCB2,MantonCB3	31.212
CAGAATCGTTGAACTC-3	MantonCB3	1.00e+00	3.89e-08	70	MantonCB3	MantonCB1,MantonCB3	-12.013
CAGAATCTCCGGGTGT-4	MantonCB4	1.00e+00	4.13e-05	47	MantonCB4	MantonCB2,MantonCB4	-5.043
CAGAATCTCGGCGCAT-4	MantonCB4	1.00e+00	1.74e-08	57	MantonCB4	MantonCB2,MantonCB3	-12.818
CAGAGAGGTCTAGCGC-1	MantonCB1	1.00e+00	1.50e-11	99	MantonCB1	MantonCB1,MantonCB4	-19.873
CAGATCAGTTGTGGAG-1	MantonCB1	1.00e+00	4.81e-09	82	MantonCB1	MantonCB1,MantonCB2	-14.103
CAGATCATCCTTCAAT-4	MantonCB4	1.00e+00	1.40e-09	88	MantonCB4	MantonCB2,MantonCB4	-15.334
CAGCAGCCAAGTCATC-1	MantonCB1	1.00e+00	7.90e-06	37	MantonCB1	MantonCB1,MantonCB3	-6.698
CAGCAGCGTTCAGGCC-4	MantonCB4	1.00e+00	1.92e-07	50	MantonCB4	MantonCB2,MantonCB4	-10.418
CAGCATATCGTGTAGT-1	MantonCB1	1.00e+00	7.28e-08	47	MantonCB1	MantonCB1,MantonCB4	-11.386
CAGCCGATCCTGCAGG-1	MantonCB1	1.00e+00	1.77e-08	70	MantonCB1	MantonCB1,MantonCB4	-12.800
CAGCCGATCCTTTCGG-1	MantonCB1	9.88e-01	3.10e-03	10	MantonCB1	MantonCB1,MantonCB4	-0.714
CAGCGACCAAGGACTG-2	MantonCB2	1.00e+00	8.16e-05	35	MantonCB2	MantonCB1,MantonCB2	-4.363
CAGCGACCACTCTGTC-3	MantonCB3	1.00e+00	2.59e-06	49	MantonCB3	MantonCB2,MantonCB4	-7.814
CAGCGACTCGTTTATC-2	MantonCB2	9.99e-01	4.13e-04	26	MantonCB2	MantonCB2,MantonCB1	-2.740
CAGCTAAAGTTTGCGT-1	MantonCB1	1.00e+00	4.59e-06	95	MantonCB1	MantonCB1,MantonCB2	-7.240
CAGCTAAGTCAACTGT-3	MantonCB3	1.00e+00	8.72e-06	79	MantonCB3	MantonCB2,MantonCB4	-6.600
CAGCTGGAGACAGAGA-1	MantonCB1	1.00e+00	1.14e-06	41	MantonCB1	MantonCB1,MantonCB4	-8.636
CAGCTGGCACATTTCT-1D	MantonCB1	1.00e+00	1.56e-13	402	MantonCB1	MantonCB1,MantonCB3	-24.439
CAGCTGGGTACCGCTG-1	MantonCB1	1.00e+00	2.22e-15	122	MantonCB1	MantonCB1,MantonCB3	-28.691
CAGGTGCTCACTTATC-2	MantonCB2	1.00e+00	9.60e-06	50	MantonCB2	MantonCB2,MantonCB1	-6.504
CAGTAACAGTACACCT-2	MantonCB2	1.00e+00	5.13e-13	99	MantonCB2	MantonCB2,MantonCB3	-23.248
CAGTAACCAGAGCCAA-2	MantonCB2	1.00e+00	2.20e-10	89	MantonCB2	MantonCB2,MantonCB3	-17.187
CAGTAACCAGGTTTCA-2	MantonCB2	1.00e+00	4.87e-07	57	MantonCB2	MantonCB2,MantonCB3	-9.484
CAGTCCTGTCAAGCGA-2	MantonCB2	1.00e+00	1.27e-15	152	MantonCB2	MantonCB2,MantonCB3	-29.253
CAGTCCTGTGTGGTTT-1	MantonCB1	1.00e+00	9.30e-07	49	MantonCB1	MantonCB1,MantonCB4	-8.838
CATATGGCACTCGACG-1	MantonCB1	1.00e+00	3.80e-13	127	MantonCB1	MantonCB1,MantonCB4	-23.547
CATCAAGCAGTCACTA-3	MantonCB3	1.00e+00	4.62e-08	68	MantonCB3	MantonCB1,MantonCB3	-11.840
CATCAGAAGAGCTATA-4	MantonCB4	1.00e+00	5.01e-07	60	MantonCB4	MantonCB2,MantonCB3	-9.457
CATCAGAGTCTCGTTC-4	MantonCB4	1.00e+00	3.01e-06	57	MantonCB4	MantonCB2,MantonCB3	-7.662
CATCAGAGTCTTGATG-1	MantonCB1	9.95e-01	4.04e-03	41	MantonCB1	MantonCB1,MantonCB2	-0.457
CATCAGAGTTGGTAAA-3	MantonCB3	1.00e+00	2.28e-08	55	MantonCB3	MantonCB2,MantonCB1	-12.547
CATCCACAGTACGATA-1	MantonCB1	1.00e+00	8.65e-05	55	MantonCB1	MantonCB1,MantonCB4	-4.305
CATCGAAAGTCAAGCG-1	MantonCB1	1.00e+00	8.94e-12	83	MantonCB1	MantonCB1,MantonCB3	-20.390
CATCGAACAGCCTATA-3	MantonCB3	1.00e+00	1.81e-08	73	MantonCB3	MantonCB1,MantonCB3	-12.775
CATCGGGGTTCGGGCT-4	MantonCB4	1.00e+00	3.32e-04	51	MantonCB4	MantonCB2,MantonCB3	-2.959
CATCGGGTCCACGACG-3	MantonCB3	9.99e-01	9.92e-04	51	MantonCB3	MantonCB1,MantonCB3	-1.865
CATGACAGTCAACATC-3	MantonCB3	1.00e+00	4.86e-06	78	MantonCB3	MantonCB2,MantonCB4	-7.184
CATGCCTAGGTGGGTT-3	MantonCB3	1.00e+00	1.12e-04	60	MantonCB3	MantonCB2,MantonCB1	-4.044
CATGCCTGTATCTGCA-2	MantonCB2	1.00e+00	3.93e-04	22	MantonCB2	MantonCB2,MantonCB3	-2.791
CATGCCTTCTACCAGA-4	MantonCB4	1.00e+00	7.36e-07	56	MantonCB4	MantonCB1,MantonCB4	-9.071
CATGGCGCACGACTCG-3	MantonCB3	1.00e+00	2.62e-05	46	MantonCB3	MantonCB2,MantonCB4	-5.499
CATTATCCAGACGCCT-4	MantonCB4	1.00e+00	5.48e-07	53	MantonCB4	MantonCB1,MantonCB4	-9.366
CATTATCGTTATCGGT-3	MantonCB3	1.00e+00	1.46e-06	65	MantonCB3	MantonCB2,MantonCB1	-8.383
CATTATCTCTAACTTC-4	MantonCB4	1.00e+00	6.64e-10	114	MantonCB4	MantonCB1,MantonCB4	-16.083
CATTCGCTCCGCGGTA-1	MantonCB1	1.00e+00	2.38e-07	52	MantonCB1	MantonCB1,MantonCB3	-10.200
CATTCGCTCCTTTCTC-3	MantonCB3	1.00e+00	7.32e-08	74	MantonCB3	MantonCB1,MantonCB3	-11.380
CCAATCCAGATCCCGC-2	MantonCB2	1.00e+00	2.12e-08	73	MantonCB2	MantonCB2,MantonCB3	-12.621
CCAATCCCACCAACCG-2	MantonCB2	1.00e+00	1.45e-10	107	MantonCB2	MantonCB2,MantonCB3	-17.607
CCAATCCCACGACGAA-1	MantonCB1	1.00e+00	3.95e-12	118	MantonCB1	MantonCB1,MantonCB4	-21.207
CCAATCCCATTAGGCT-4	MantonCB4	1.00e+00	2.27e-08	79	MantonCB4	MantonCB1,MantonCB4	-12.551
CCACCTACATTATCTC-3	MantonCB3	1.00e+00	4.44e-10	109	MantonCB3	MantonCB1,MantonCB3	-16.485
CCACGGAAGCCACTAT-4	MantonCB4	1.00e+00	6.09e-21	161	MantonCB4	MantonCB2,MantonCB3	-41.498
CCACGGATCGGAGGTA-2	MantonCB2	1.00e+00	1.31e-10	72	MantonCB2	MantonCB2,MantonCB3	-17.702
CCAGCGAGTGAACCTT-1	MantonCB1	1.00e+00	1.35e-16	115	MantonCB1	MantonCB1,MantonCB3	-31.488
CCAGCGAGTGACAAAT-2	MantonCB2	1.00e+00	1.66e-05	62	MantonCB2	MantonCB2,MantonCB3	-5.957
CCAGCGATCAGCTGGC-3	MantonCB3	1.00e+00	2.02e-05	39	MantonCB3	MantonCB1,MantonCB3	-5.761
CCAGCGATCGCATGGC-1	MantonCB1	1.00e+00	3.98e-05	28	MantonCB1	MantonCB1,MantonCB2	-5.080
CCATGTCAGACTCGGA-1	MantonCB1	1.00e+00	1.46e-12	98	MantonCB1	MantonCB1,MantonCB4	-22.199
CCATGTCGTATCGCAT-1	MantonCB1	1.00e+00	2.88e-10	84	MantonCB1	MantonCB1,MantonCB3	-16.918
CCATGTCGTTGAGGTG-4	MantonCB4	1.00e+00	1.50e-05	39	MantonCB4	MantonCB2,MantonCB4	-6.060
CCATTCGCAAGCGCTC-3	MantonCB3	1.00e+00	3.89e-06	53	MantonCB3	MantonCB2,MantonCB4	-7.408
CCATTCGCATGCCCGA-4	MantonCB4	1.00e+00	1.14e-07	74	MantonCB4	MantonCB2,MantonCB3	-10.938
CCATTCGTCTTAGCCC-3	MantonCB3	1.00e+00	5.19e-06	81	MantonCB3	MantonCB1,MantonCB3	-7.119
CCCAATCCAGCTCGAC-4	MantonCB4	1.00e+00	3.42e-08	69	MantonCB4	MantonCB2,MantonCB4	-12.140
CCCAGTTTCATCTGTT-4	MantonCB4	9.99e-01	5.03e-04	41	MantonCB4	MantonCB2,MantonCB4	-2.545
CCCTCCTGTTGTTTGG-1	MantonCB1	1.00e+00	1.24e-13	139	MantonCB1	MantonCB1,MantonCB3	-24.667
CCCTCCTTCTGAAAGA-4	MantonCB4	9.99e-01	8.64e-04	37	MantonCB4	MantonCB2,MantonCB3	-2.003
CCGGGATGTCCAGTTA-3	MantonCB3	1.00e+00	1.30e-06	56	MantonCB3	MantonCB2,MantonCB1	-8.502
CCGGGATGTCGCATCG-1	MantonCB1	1.00e+00	2.03e-13	116	MantonCB1	MantonCB1,MantonCB3	-24.176
CCGGGATGTGACGGTA-4	MantonCB4	1.00e+00	7.23e-05	55	MantonCB4	MantonCB1,MantonCB4	-4.484
CCGGGATTCCAGAAGG-1	MantonCB1	1.00e+00	4.08e-15	136	MantonCB1	MantonCB1,MantonCB2	-28.082
CCGGTAGAGGATGTAT-4	MantonCB4	1.00e+00	2.38e-11	114	MantonCB4	MantonCB2,MantonCB4	-19.411
CCGGTAGGTAGCGCTC-1	MantonCB1	1.00e+00	2.05e-14	134	MantonCB1	MantonCB1,MantonCB4	-26.470
CCGGTAGTCGTTTAGG-2	MantonCB2	1.00e+00	4.23e-12	113	MantonCB2	MantonCB2,MantonCB3	-21.138
CCGTACTAGGTGACCA-4	MantonCB4	1.00e+00	3.23e-07	56	MantonCB4	MantonCB2,MantonCB3	-9.897
CCGTACTGTTCGAATC-3	MantonCB3	9.96e-01	4.38e-03	41	MantonCB3	MantonCB2,MantonCB1	-0.376
CCGTACTTCAGGTAAA-4	MantonCB4	1.00e+00	1.29e-06	50	MantonCB4	MantonCB2,MantonCB3	-8.509
CCTAAAGGTGCAGACA-2	MantonCB2	1.00e+00	6.23e-05	73	MantonCB2	MantonCB2,MantonCB3	-4.633
CCTAAAGGTGTCCTCT-1	MantonCB1	1.00e+00	1.34e-07	71	MantonCB1	MantonCB1,MantonCB3	-10.776
CCTACACAGTGTTAGA-2	MantonCB2	1.00e+00	9.16e-11	89	MantonCB2	MantonCB2,MantonCB1	-18.063
CCTACACCAGGAACGT-1D	doublet	4.43e-23	1.00e+00	196	MantonCB3	MantonCB1,MantonCB3	56.522
CCTACACCATAACCTG-2	MantonCB2	1.00e+00	3.12e-05	31	MantonCB2	MantonCB2,MantonCB3	-5.325
CCTACACGTTAAGAAC-3	MantonCB3	1.00e+00	4.03e-05	63	MantonCB3	MantonCB2,MantonCB1	-5.068
CCTACACTCCGAGCCA-2	MantonCB2	1.00e+00	2.74e-16	132	MantonCB2	MantonCB2,MantonCB3	-30.782
CCTACCATCAGCACAT-2	MantonCB2	1.00e+00	3.64e-06	72	MantonCB2	MantonCB2,MantonCB3	-7.473
CCTACCATCGCTTAGA-3	MantonCB3	1.00e+00	1.24e-05	50	MantonCB3	MantonCB2,MantonCB1	-6.245
CCTCAGTAGAGGGATA-2	MantonCB2	1.00e+00	1.04e-09	75	MantonCB2	MantonCB2,MantonCB3	-15.632
CCTCTGATCAGTTTGG-2	MantonCB2	1.00e+00	1.94e-05	57	MantonCB2	MantonCB2,MantonCB1	-5.802
CCTTACGAGAAACCAT-3	MantonCB3	1.00e+00	8.02e-13	106	MantonCB3	MantonCB2,MantonCB1	-22.801
CCTTACGAGTCCCACG-1	MantonCB1	1.00e+00	1.47e-12	89	MantonCB1	MantonCB1,MantonCB3	-22.198
CCTTACGTCCAAATGC-1	MantonCB1	1.00e+00	3.50e-08	77	MantonCB1	MantonCB1,MantonCB3	-12.118
CCTTCCCGTAAGTGGC-3	MantonCB3	1.00e+00	3.72e-06	59	MantonCB3	MantonCB2,MantonCB1	-7.452
CCTTCCCTCCTTAATC-2	MantonCB2	1.00e+00	4.88e-07	59	MantonCB2	MantonCB2,MantonCB3	-9.483
CCTTCGAAGTCTCAAC-2	MantonCB2	1.00e+00	1.95e-05	42	MantonCB2	MantonCB2,MantonCB3	-5.792
CCTTCGAAGTGACTCT-2	MantonCB2	1.00e+00	1.48e-07	56	MantonCB2	MantonCB2,MantonCB1	-10.675
CCTTCGACACGTGAGA-4	MantonCB4	1.00e+00	2.40e-06	54	MantonCB4	MantonCB2,MantonCB4	-7.891
CCTTCGACAGCCTGTG-2D	doublet	1.45e-03	9.98e-01	85	MantonCB1	MantonCB1,MantonCB2	11.584
CCTTCGAGTACGAAAT-2D	MantonCB2	1.00e+00	2.29e-11	282	MantonCB2	MantonCB2,MantonCB3	-19.449
CCTTTCTTCTGTTGAG-2	MantonCB2	1.00e+00	1.05e-08	80	MantonCB2	MantonCB2,MantonCB3	-13.324
CGAACATCATCGGTTA-4	MantonCB4	1.00e+00	7.82e-08	60	MantonCB4	MantonCB2,MantonCB3	-11.314
CGAACATCATGTAAGA-4	MantonCB4	1.00e+00	2.35e-06	43	MantonCB4	MantonCB1,MantonCB4	-7.911
CGAACATGTGAGTATA-4	MantonCB4	1.00e+00	3.39e-07	80	MantonCB4	MantonCB2,MantonCB3	-9.846
CGAATGTCACTGTGTA-2	MantonCB2	1.00e+00	1.72e-07	72	MantonCB2	MantonCB2,MantonCB1	-10.523
CGACCTTGTCGCGAAA-2	MantonCB2	1.00e+00	3.36e-06	56	MantonCB2	MantonCB2,MantonCB1	-7.552
CGACCTTTCTCATTCA-3D	doublet	9.39e-13	1.00e+00	111	MantonCB2	MantonCB2,MantonCB1	32.744
CGACTTCGTATATGAG-3	MantonCB3	1.00e+00	2.56e-04	66	MantonCB3	MantonCB2,MantonCB1	-3.222
CGAGAAGAGACGCAAC-3	MantonCB3	1.00e+00	5.47e-05	44	MantonCB3	MantonCB2,MantonCB4	-4.763
CGAGAAGCATTCGACA-1	MantonCB1	1.00e+00	5.07e-16	180	MantonCB1	MantonCB1,MantonCB4	-30.168
CGAGAAGTCGTAGGTT-2	MantonCB2	1.00e+00	1.30e-05	58	MantonCB2	MantonCB2,MantonCB3	-6.201
CGAGCACGTGGTAACG-2	MantonCB2	1.00e+00	1.91e-04	45	MantonCB2	MantonCB2,MantonCB3	-3.510
CGAGCACTCAGGTTCA-1	MantonCB1	1.00e+00	1.93e-14	132	MantonCB1	MantonCB1,MantonCB3	-26.526
CGAGCCACAGGGAGAG-3	MantonCB3	1.00e+00	1.08e-08	69	MantonCB3	MantonCB2,MantonCB4	-13.292
CGAGCCATCCGCGGTA-2	MantonCB2	1.00e+00	3.36e-07	44	MantonCB2	MantonCB2,MantonCB3	-9.857
CGATCGGCATGAGCGA-3	MantonCB3	1.00e+00	6.99e-05	32	MantonCB3	MantonCB2,MantonCB1	-4.518
CGATGGCGTGCAACGA-3	MantonCB3	1.00e+00	3.82e-11	90	MantonCB3	MantonCB1,MantonCB3	-18.937
CGATGTAGTCGCGTGT-2	MantonCB2	1.00e+00	1.37e-12	133	MantonCB2	MantonCB2,MantonCB3	-22.266
CGATGTATCGTAGATC-1	MantonCB1	1.00e+00	1.52e-10	102	MantonCB1	MantonCB1,MantonCB2	-17.556
CGATTGAAGGACTGGT-2	MantonCB2	1.00e+00	7.51e-06	63	MantonCB2	MantonCB2,MantonCB3	-6.749
CGATTGAAGTCCGTAT-4	MantonCB4	1.00e+00	3.71e-07	52	MantonCB4	MantonCB1,MantonCB4	-9.758
CGATTGAAGTGATCGG-1	MantonCB1	1.00e+00	6.53e-09	87	MantonCB1	MantonCB1,MantonCB4	-13.797
CGATTGACATTCCTGC-4	MantonCB4	1.00e+00	4.72e-06	39	MantonCB4	MantonCB2,MantonCB4	-7.214
CGATTGATCTGCTGTC-2	MantonCB2	1.00e+00	1.42e-07	80	MantonCB2	MantonCB2,MantonCB3	-10.715
CGCGTTTCACATGACT-2	MantonCB2	1.00e+00	7.38e-08	72	MantonCB2	MantonCB2,MantonCB3	-11.371
CGCGTTTCAGTCGTGC-3	MantonCB3	1.00e+00	5.28e-10	120	MantonCB3	MantonCB2,MantonCB4	-16.312
CGCGTTTTCATCGGAT-3	MantonCB3	1.00e+00	2.05e-05	50	MantonCB3	MantonCB1,MantonCB3	-5.744
CGCGTTTTCTGTACGA-1	MantonCB1	9.99e-01	8.87e-04	19	MantonCB1	MantonCB1,MantonCB4	-1.976
CGCTATCAGTATGACA-2	MantonCB2	1.00e+00	5.50e-13	119	MantonCB2	MantonCB2,MantonCB3	-23.179
CGCTATCCAACGATGG-4	MantonCB4	1.00e+00	2.31e-06	54	MantonCB4	MantonCB2,MantonCB4	-7.927
CGCTATCCAAGCCATT-1	MantonCB1	9.97e-01	1.99e-03	15	MantonCB1	MantonCB1,MantonCB4	-1.165
CGCTATCCAGGCTGAA-4	MantonCB4	1.00e+00	2.84e-05	63	MantonCB4	MantonCB2,MantonCB4	-5.418
CGCTGGAAGTGCAAGC-4	MantonCB4	1.00e+00	7.92e-09	70	MantonCB4	MantonCB2,MantonCB3	-13.604
CGCTTCATCAGCGACC-2	MantonCB2	1.00e+00	3.31e-07	77	MantonCB2	MantonCB2,MantonCB3	-9.871
CGGACACCAATGAATG-4	MantonCB4	1.00e+00	1.70e-06	50	MantonCB4	MantonCB2,MantonCB4	-8.233
CGGACACTCGTACCGG-2S	MantonCB2	1.00e+00	1.71e-17	165	MantonCB2	MantonCB2,MantonCB3	-33.559
CGGACGTAGGCAGGTT-3	MantonCB3	1.00e+00	4.38e-07	76	MantonCB3	MantonCB1,MantonCB3	-9.591
CGGACGTGTCTAAAGA-1	MantonCB1	1.00e+00	4.15e-10	84	MantonCB1	MantonCB1,MantonCB3	-16.553
CGGACTGTCCTTGGTC-4	MantonCB4	1.00e+00	3.43e-08	57	MantonCB4	MantonCB1,MantonCB4	-12.138
CGGACTGTCTCTGTCG-3	MantonCB3	1.00e+00	9.85e-09	69	MantonCB3	MantonCB2,MantonCB1	-13.386
CGGAGCTCAACTTGAC-3	MantonCB3	1.00e+00	9.22e-09	67	MantonCB3	MantonCB1,MantonCB3	-13.452
CGGAGCTTCTGCTGTC-1	MantonCB1	1.00e+00	1.99e-17	104	MantonCB1	MantonCB1,MantonCB3	-33.406
CGGAGTCGTCCGAATT-3	MantonCB3	1.00e+00	2.66e-06	51	MantonCB3	MantonCB1,MantonCB3	-7.788
CGGAGTCTCAACTCTT-2	MantonCB2	1.00e+00	2.71e-06	60	MantonCB2	MantonCB2,MantonCB1	-7.767
CGGAGTCTCCGCGCAA-1	MantonCB1	1.00e+00	1.63e-04	58	MantonCB1	MantonCB1,MantonCB4	-3.670
CGGAGTCTCCGCGCAA-2	MantonCB2	1.00e+00	1.04e-04	117	MantonCB2	MantonCB2,MantonCB3	-4.119
CGGCTAGCAAGCCTAT-1	MantonCB1	1.00e+00	3.11e-14	123	MantonCB1	MantonCB1,MantonCB2	-26.050
CGGCTAGGTAAGCACG-2	MantonCB2	1.00e+00	4.25e-08	94	MantonCB2	MantonCB2,MantonCB3	-11.924
CGGCTAGTCCGTTGCT-2	MantonCB2	1.00e+00	1.08e-07	65	MantonCB2	MantonCB2,MantonCB3	-10.993
CGGCTAGTCGTGGTCG-3	MantonCB3	1.00e+00	6.08e-09	81	MantonCB3	MantonCB1,MantonCB3	-13.868
CGGGTCATCTCCGGTT-1	MantonCB1	9.99e-01	8.07e-04	16	MantonCB1	MantonCB1,MantonCB4	-2.070
CGGGTCATCTCTGAGA-4	MantonCB4	1.00e+00	3.11e-08	78	MantonCB4	MantonCB2,MantonCB3	-12.235
CGGTTAACAGTTCATG-4	MantonCB4	1.00e+00	1.42e-04	63	MantonCB4	MantonCB2,MantonCB3	-3.812
CGGTTAAGTTGGGACA-4	MantonCB4	1.00e+00	3.23e-07	54	MantonCB4	MantonCB2,MantonCB4	-9.895
CGTAGCGAGTGTCTCA-1	MantonCB1	1.00e+00	8.46e-10	69	MantonCB1	MantonCB1,MantonCB2	-15.840
CGTAGCGCAAAGGAAG-2	MantonCB2	1.00e+00	2.26e-07	63	MantonCB2	MantonCB2,MantonCB3	-10.252
CGTAGCGCAAGTAGTA-1	MantonCB1	1.00e+00	1.33e-07	74	MantonCB1	MantonCB1,MantonCB3	-10.781
CGTAGCGCACGGCGTT-2	MantonCB2	1.00e+00	2.53e-10	75	MantonCB2	MantonCB1,MantonCB2	-17.048
CGTAGCGTCAGGCGAA-1	MantonCB1	1.00e+00	3.20e-04	29	MantonCB1	MantonCB1,MantonCB2	-2.998
CGTAGGCTCTGCGGCA-2	MantonCB2	1.00e+00	6.81e-08	62	MantonCB2	MantonCB2,MantonCB3	-11.452
CGTCACTTCACCACCT-4	MantonCB4	1.00e+00	1.69e-05	44	MantonCB4	MantonCB1,MantonCB4	-5.939
CGTCAGGCAGCTATTG-3	MantonCB3	1.00e+00	2.77e-04	44	MantonCB3	MantonCB1,MantonCB3	-3.140
CGTCAGGTCAACACAC-3	MantonCB3	9.96e-01	4.13e-03	30	MantonCB3	MantonCB1,MantonCB3	-0.436
CGTCAGGTCCAAGCCG-4	MantonCB4	1.00e+00	9.47e-07	72	MantonCB4	MantonCB1,MantonCB4	-8.819
CGTCCATAGTCTCCTC-1	MantonCB1	1.00e+00	2.36e-09	114	MantonCB1	MantonCB1,MantonCB3	-14.815
CGTCCATGTCGAAAGC-3	MantonCB3	1.00e+00	3.19e-06	68	MantonCB3	MantonCB2,MantonCB1	-7.606
CGTCTACAGCCCAGCT-4	MantonCB4	1.00e+00	2.55e-05	41	MantonCB4	MantonCB2,MantonCB3	-5.525
CGTCTACCAAGCCTAT-4	MantonCB4	1.00e+00	3.43e-07	66	MantonCB4	MantonCB2,MantonCB3	-9.835
CGTGTAAAGAGGTTAT-2	MantonCB2	1.00e+00	2.09e-07	87	MantonCB2	MantonCB2,MantonCB3	-10.330
CGTGTAAAGCGAAGGG-1	MantonCB1	1.00e+00	2.61e-08	98	MantonCB1	MantonCB1,MantonCB4	-12.413
CGTGTAAAGTGACTCT-4	MantonCB4	1.00e+00	4.39e-06	42	MantonCB4	MantonCB2,MantonCB3	-7.286
CGTGTCTAGCTTTGGT-3	MantonCB3	1.00e+00	3.64e-08	56	MantonCB3	MantonCB2,MantonCB1	-12.078
CGTGTCTGTGCTGTAT-3	MantonCB3	1.00e+00	1.90e-08	98	MantonCB3	MantonCB2,MantonCB1	-12.730
CGTGTCTTCTGCTTGC-1	MantonCB1	1.00e+00	2.56e-15	110	MantonCB1	MantonCB1,MantonCB3	-28.549
CGTTAGAAGATATGGT-4	MantonCB4	1.00e+00	9.54e-08	55	MantonCB4	MantonCB1,MantonCB4	-11.115
CGTTAGATCGTCTGCT-4	MantonCB4	9.92e-01	3.73e-03	26	MantonCB4	MantonCB2,MantonCB4	-0.534
CGTTCTGAGTCTCAAC-2	MantonCB2	1.00e+00	7.56e-06	86	MantonCB2	MantonCB2,MantonCB3	-6.742
CGTTCTGTCGCGATCG-3	MantonCB3	1.00e+00	3.34e-05	57	MantonCB3	MantonCB2,MantonCB1	-5.256
CGTTGGGCACCCTATC-3	MantonCB3	1.00e+00	2.58e-05	25	MantonCB3	MantonCB2,MantonCB4	-5.515
CGTTGGGTCGGAAACG-2D	doublet	4.65e-02	9.53e-01	55	MantonCB1	MantonCB1,MantonCB2	8.070
CTAAGACAGCCAGTAG-3	MantonCB3	1.00e+00	2.04e-08	87	MantonCB3	MantonCB2,MantonCB4	-12.659
CTAAGACGTGTGACGA-3	MantonCB3	1.00e+00	2.73e-06	62	MantonCB3	MantonCB1,MantonCB3	-7.761
CTAATGGAGATGTTAG-3	MantonCB3	1.00e+00	1.00e-06	74	MantonCB3	MantonCB1,MantonCB3	-8.762
CTAATGGCAATCTGCA-3	MantonCB3	1.00e+00	7.09e-07	46	MantonCB3	MantonCB1,MantonCB3	-9.109
CTACACCTCCGCTGTT-3	MantonCB3	1.00e+00	5.88e-07	72	MantonCB3	MantonCB2,MantonCB4	-9.296
CTACATTAGAAGATTC-1	MantonCB1	1.00e+00	3.52e-21	183	MantonCB1	MantonCB1,MantonCB4	-42.046
CTACATTAGTAGGCCA-3	MantonCB3	1.00e+00	3.52e-08	95	MantonCB3	MantonCB2,MantonCB1	-12.113
CTACATTCAAGCCGTC-2	MantonCB2	1.00e+00	1.11e-05	51	MantonCB2	MantonCB2,MantonCB1	-6.362
CTACATTCATGCCTAA-1	MantonCB1	1.00e+00	8.16e-06	65	MantonCB1	MantonCB1,MantonCB3	-6.666
CTACATTCATGGGAAC-4	MantonCB4	1.00e+00	1.02e-04	31	MantonCB4	MantonCB2,MantonCB3	-4.141
CTACCCACAGGAATCG-4	MantonCB4	1.00e+00	3.56e-07	75	MantonCB4	MantonCB2,MantonCB3	-9.798
CTACCCAGTAATCGTC-2	MantonCB2	1.00e+00	2.57e-07	58	MantonCB2	MantonCB2,MantonCB3	-10.124
CTACGTCTCAGCGATT-3	MantonCB3	1.00e+00	1.06e-09	63	MantonCB3	MantonCB1,MantonCB3	-15.616
CTACGTCTCTGGCGAC-4	MantonCB4	1.00e+00	1.05e-08	69	MantonCB4	MantonCB2,MantonCB3	-13.323
CTAGCCTAGCTCCTCT-1	MantonCB1	9.99e-01	7.31e-04	14	MantonCB1	MantonCB1,MantonCB2	-2.169
CTAGCCTTCCCATTAT-1	MantonCB1	1.00e+00	1.75e-11	107	MantonCB1	MantonCB1,MantonCB4	-19.720
CTAGTGACATTGCGGC-3	MantonCB3	1.00e+00	2.12e-04	42	MantonCB3	MantonCB1,MantonCB3	-3.408
CTAGTGATCACTATTC-2	MantonCB2	1.00e+00	4.74e-11	117	MantonCB2	MantonCB2,MantonCB3	-18.721
CTAGTGATCTTTACAC-2	MantonCB2	1.00e+00	2.91e-10	91	MantonCB2	MantonCB2,MantonCB3	-16.909
CTCACACGTCAGGACA-1	MantonCB1	1.00e+00	3.00e-06	44	MantonCB1	MantonCB1,MantonCB4	-7.668
CTCCTAGCAGCCTATA-2	MantonCB2	1.00e+00	1.33e-05	33	MantonCB2	MantonCB2,MantonCB1	-6.178
CTCCTAGGTAAGAGGA-4	MantonCB4	1.00e+00	4.87e-07	54	MantonCB4	MantonCB2,MantonCB3	-9.484
CTCGAAAAGACCCACC-2	MantonCB2	9.97e-01	2.36e-03	27	MantonCB2	MantonCB2,MantonCB3	-0.997
CTCGAGGTCAAACAAG-3	MantonCB3	1.00e+00	1.26e-11	100	MantonCB3	MantonCB1,MantonCB3	-20.048
CTCGGAGGTACTCAAC-4	MantonCB4	1.00e+00	5.01e-09	66	MantonCB4	MantonCB2,MantonCB3	-14.061
CTCGGAGTCCTCAATT-4	MantonCB4	1.00e+00	5.89e-09	75	MantonCB4	MantonCB2,MantonCB3	-13.899
CTCGGAGTCTGATACG-1	MantonCB1	1.00e+00	1.39e-08	100	MantonCB1	MantonCB1,MantonCB3	-13.039
CTCGGGATCTCCGGTT-2	MantonCB2	1.00e+00	1.44e-05	60	MantonCB2	MantonCB1,MantonCB2	-6.095
CTCGTACCATGCGCAC-4	MantonCB4	1.00e+00	3.48e-06	95	MantonCB4	MantonCB2,MantonCB3	-7.518
CTCGTCACAACTGCTA-1	MantonCB1	1.00e+00	2.27e-05	42	MantonCB1	MantonCB1,MantonCB3	-5.641
CTCGTCAGTAGCCTCG-1	MantonCB1	1.00e+00	9.07e-11	107	MantonCB1	MantonCB1,MantonCB4	-18.074
CTCGTCAGTGTCTGAT-2	MantonCB2	1.00e+00	3.34e-07	62	MantonCB2	MantonCB2,MantonCB3	-9.861
CTCGTCATCGAATGGG-2	MantonCB2	1.00e+00	1.07e-08	73	MantonCB2	MantonCB2,MantonCB3	-13.306
CTCTAATCACTTCTGC-4	MantonCB4	1.00e+00	1.96e-06	56	MantonCB4	MantonCB1,MantonCB4	-8.095
CTCTAATGTCTTCAAG-2	MantonCB2	1.00e+00	3.69e-05	57	MantonCB2	MantonCB2,MantonCB3	-5.156
CTCTACGGTCTAGTGT-2	MantonCB2	1.00e+00	7.64e-05	37	MantonCB2	MantonCB2,MantonCB1	-4.429
CTCTACGTCGGTCCGA-4	MantonCB4	1.00e+00	1.19e-04	81	MantonCB4	MantonCB1,MantonCB4	-3.983
CTCTGGTCAATCACAC-3	MantonCB3	1.00e+00	7.49e-14	103	MantonCB3	MantonCB2,MantonCB1	-25.172
CTGAAACAGTCGTTTG-4	MantonCB4	1.00e+00	5.97e-06	44	MantonCB4	MantonCB2,MantonCB3	-6.978
CTGAAACAGTTCGATC-2	MantonCB2	1.00e+00	6.18e-09	96	MantonCB2	MantonCB2,MantonCB3	-13.852
CTGAAACGTGCCTTGG-1	MantonCB1	1.00e+00	1.02e-08	75	MantonCB1	MantonCB1,MantonCB4	-13.351
CTGAAGTAGTGTCCCG-1	MantonCB1	1.00e+00	6.78e-18	172	MantonCB1	MantonCB1,MantonCB3	-34.482
CTGAAGTCAACACCTA-3	MantonCB3	1.00e+00	2.69e-04	72	MantonCB3	MantonCB2,MantonCB4	-3.171
CTGAAGTCAATGGACG-1	MantonCB1	1.00e+00	3.28e-21	158	MantonCB1	MantonCB1,MantonCB3	-42.115
CTGAAGTGTAAGTTCC-4	MantonCB4	1.00e+00	9.35e-07	50	MantonCB4	MantonCB2,MantonCB3	-8.833
CTGAAGTGTCCAGTTA-4	MantonCB4	1.00e+00	8.20e-08	71	MantonCB4	MantonCB2,MantonCB3	-11.266
CTGAAGTGTGGACGAT-2	MantonCB2	1.00e+00	1.30e-14	131	MantonCB2	MantonCB2,MantonCB1	-26.921
CTGATAGGTCTTGTCC-1	MantonCB1	1.00e+00	6.87e-10	99	MantonCB1	MantonCB1,MantonCB4	-16.049
CTGATCCCATTACGAC-1	MantonCB1	1.00e+00	7.60e-09	103	MantonCB1	MantonCB1,MantonCB3	-13.644
CTGCCTAGTACCGGCT-3	MantonCB3	1.00e+00	4.53e-05	43	MantonCB3	MantonCB2,MantonCB1	-4.951
CTGCCTATCACATACG-4	MantonCB4	1.00e+00	3.56e-08	58	MantonCB4	MantonCB1,MantonCB4	-12.100
CTGCCTATCGACGGAA-4	MantonCB4	1.00e+00	1.60e-05	31	MantonCB4	MantonCB1,MantonCB4	-5.991
CTGCGGATCAAACCAC-3	MantonCB3	1.00e+00	4.27e-06	44	MantonCB3	MantonCB1,MantonCB3	-7.315
CTGCGGATCGTCCAGG-4	MantonCB4	1.00e+00	2.09e-06	58	MantonCB4	MantonCB1,MantonCB4	-8.029
CTGCTGTGTAAATGAC-3	MantonCB3	1.00e+00	3.42e-07	64	MantonCB3	MantonCB2,MantonCB1	-9.839
CTGCTGTGTTAAGAAC-3	MantonCB3	1.00e+00	6.39e-07	68	MantonCB3	MantonCB2,MantonCB4	-9.213
CTGGTCTCAAAGCAAT-4	MantonCB4	1.00e+00	2.19e-04	32	MantonCB4	MantonCB2,MantonCB3	-3.377
CTGGTCTCATACGCCG-4	MantonCB4	1.00e+00	1.87e-06	59	MantonCB4	MantonCB1,MantonCB4	-8.140
CTGGTCTGTCATGCAT-3	MantonCB3	1.00e+00	9.13e-07	53	MantonCB3	MantonCB2,MantonCB4	-8.857
CTGGTCTTCGGATGGA-2D	doublet	4.77e-08	1.00e+00	97	MantonCB2	MantonCB2,MantonCB3	21.908
CTGTGCTCAGGGTATG-3	MantonCB3	1.00e+00	4.80e-06	52	MantonCB3	MantonCB2,MantonCB1	-7.196
CTGTTTACAGCGTCCA-1	MantonCB1	1.00e+00	7.24e-12	94	MantonCB1	MantonCB1,MantonCB3	-20.601
CTGTTTACATGTCGAT-1	MantonCB1	1.00e+00	7.05e-13	146	MantonCB1	MantonCB1,MantonCB4	-22.931
CTGTTTATCTACGAGT-3	MantonCB3	1.00e+00	6.24e-07	76	MantonCB3	MantonCB2,MantonCB4	-9.237
CTTAACTAGGGAGTAA-2	MantonCB2	1.00e+00	3.23e-10	103	MantonCB2	MantonCB1,MantonCB2	-16.803
CTTACCGAGGTAAACT-3	MantonCB3	1.00e+00	1.90e-10	91	MantonCB3	MantonCB2,MantonCB4	-17.332
CTTACCGGTGGTACAG-3	MantonCB3	1.00e+00	1.10e-10	84	MantonCB3	MantonCB1,MantonCB3	-17.885
CTTAGGAAGATAGCAT-2	MantonCB2	1.00e+00	2.30e-13	110	MantonCB2	MantonCB1,MantonCB2	-24.051
CTTAGGAGTTCTGTTT-3	MantonCB3	1.00e+00	6.07e-09	101	MantonCB3	MantonCB1,MantonCB3	-13.869
CTTAGGATCAGGCGAA-4	MantonCB4	1.00e+00	1.15e-04	57	MantonCB4	MantonCB1,MantonCB4	-4.024
CTTCTCTGTCTCTCGT-3	MantonCB3	1.00e+00	1.64e-08	63	MantonCB3	MantonCB1,MantonCB3	-12.877
CTTGGCTAGCTAAACA-2	MantonCB2	1.00e+00	1.46e-09	100	MantonCB2	MantonCB2,MantonCB3	-15.296
CTTGGCTCAAGGTGTG-1	MantonCB1	1.00e+00	4.04e-09	94	MantonCB1	MantonCB1,MantonCB3	-14.277
CTTGGCTGTTGCTCCT-3	MantonCB3	1.00e+00	3.14e-04	34	MantonCB3	MantonCB2,MantonCB4	-3.016
CTTGGCTTCATAGCAC-1	MantonCB1	1.00e+00	1.07e-22	180	MantonCB1	MantonCB1,MantonCB3	-45.543
CTTTGCGAGAGTCTGG-2	MantonCB2	1.00e+00	1.35e-05	43	MantonCB2	MantonCB2,MantonCB1	-6.159
GAAACTCGTTCGCTAA-4	MantonCB4	1.00e+00	6.17e-06	72	MantonCB4	MantonCB2,MantonCB3	-6.946
GAAATGAAGGGTTCCC-4	MantonCB4	1.00e+00	6.14e-15	122	MantonCB4	MantonCB2,MantonCB3	-27.674
GAAATGACAATGAATG-2	MantonCB2	1.00e+00	2.71e-10	84	MantonCB2	MantonCB2,MantonCB1	-16.979
GAAATGACACGGATAG-1	MantonCB1	1.00e+00	7.60e-09	71	MantonCB1	MantonCB1,MantonCB4	-13.645
GAACATCCACGGATAG-2	MantonCB2	1.00e+00	5.92e-07	70	MantonCB2	MantonCB2,MantonCB3	-9.289
GAACATCTCTGAAAGA-4D	doublet	1.98e-18	1.00e+00	152	MantonCB2	MantonCB2,MantonCB3	45.814
GAACGGATCCACGCAG-2	MantonCB2	1.00e+00	3.10e-07	53	MantonCB2	MantonCB2,MantonCB3	-9.936
GAAGCAGCAATGGAGC-1	MantonCB1	1.00e+00	6.47e-06	38	MantonCB1	MantonCB1,MantonCB3	-6.898
GAAGCAGCAATGGTCT-3	MantonCB3	1.00e+00	2.08e-09	78	MantonCB3	MantonCB1,MantonCB3	-14.941
GAATAAGGTTTGACAC-1	MantonCB1	1.00e+00	4.30e-10	94	MantonCB1	MantonCB1,MantonCB4	-16.517
GAATGAAAGTCCCACG-4	MantonCB4	1.00e+00	1.85e-07	43	MantonCB4	MantonCB1,MantonCB4	-10.452
GACACGCAGTGGACGT-1	MantonCB1	1.00e+00	1.51e-08	93	MantonCB1	MantonCB1,MantonCB2	-12.961
GACACGCCACTAGTAC-1	MantonCB1	1.00e+00	4.13e-08	69	MantonCB1	MantonCB1,MantonCB3	-11.951
GACACGCGTGCACGAA-3	MantonCB3	1.00e+00	9.82e-05	54	MantonCB3	MantonCB2,MantonCB4	-4.178
GACCAATTCTTGCCGT-2	MantonCB2	1.00e+00	5.88e-09	74	MantonCB2	MantonCB2,MantonCB3	-13.901
GACCTGGTCAGTTGAC-3	MantonCB3	1.00e+00	4.27e-06	58	MantonCB3	MantonCB2,MantonCB1	-7.314
GACGGCTGTGTGAAAT-2	MantonCB2	1.00e+00	2.69e-07	55	MantonCB2	MantonCB2,MantonCB3	-10.077
GACGTGCCAGCATACT-3D	doublet	7.21e-23	1.00e+00	155	MantonCB3	MantonCB1,MantonCB3	56.034
GACTAACAGTGAAGTT-3	MantonCB3	1.00e+00	1.17e-06	66	MantonCB3	MantonCB2,MantonCB1	-8.606
GACTACAAGGACACCA-2	MantonCB2	1.00e+00	3.11e-07	70	MantonCB2	MantonCB2,MantonCB1	-9.935
GACTACAGTCACCCAG-4	MantonCB4	1.00e+00	2.14e-04	24	MantonCB4	MantonCB2,MantonCB3	-3.400
GACTACAGTTGATTCG-4	MantonCB4	1.00e+00	8.74e-05	71	MantonCB4	MantonCB2,MantonCB3	-4.295
GACTGCGAGACCACGA-4	MantonCB4	1.00e+00	3.36e-11	78	MantonCB4	MantonCB2,MantonCB4	-19.066
GACTGCGAGTCGATAA-1D	doublet	1.33e-21	1.00e+00	174	MantonCB1	MantonCB1,MantonCB4	53.121
GAGCAGAGTACCGTTA-1	MantonCB1	1.00e+00	2.50e-06	36	MantonCB1	MantonCB1,MantonCB2	-7.849
GAGCAGAGTACCGTTA-4	MantonCB4	1.00e+00	7.27e-08	95	MantonCB4	MantonCB2,MantonCB3	-11.386
GAGCAGAGTAGAAGGA-2	MantonCB2	1.00e+00	2.38e-05	62	MantonCB2	MantonCB2,MantonCB3	-5.595
GAGGTGACAGATCGGA-4D	doublet	8.48e-19	1.00e+00	142	MantonCB2	MantonCB2,MantonCB3	46.662
GAGGTGACAGATCTGT-4	MantonCB4	1.00e+00	7.47e-07	57	MantonCB4	MantonCB2,MantonCB3	-9.057
GAGGTGACATCACAAC-3	MantonCB3	9.98e-01	9.60e-04	77	MantonCB3	MantonCB2,MantonCB1	-1.896
GAGGTGATCACAATGC-2	MantonCB2	1.00e+00	1.15e-08	56	MantonCB2	MantonCB2,MantonCB1	-13.230
GAGGTGATCTGATTCT-2	MantonCB2	1.00e+00	3.24e-04	59	MantonCB2	MantonCB2,MantonCB3	-2.983
GAGTCCGTCCAGAAGG-1	MantonCB1	1.00e+00	1.11e-12	125	MantonCB1	MantonCB1,MantonCB3	-22.478
GATCAGTGTTCCTCCA-4	MantonCB4	1.00e+00	3.91e-06	45	MantonCB4	MantonCB2,MantonCB3	-7.402
GATCGATTCGCGATCG-1	MantonCB1	1.00e+00	7.23e-15	115	MantonCB1	MantonCB1,MantonCB4	-27.511
GATCGATTCTGGTTCC-3	MantonCB3	1.00e+00	1.01e-06	47	MantonCB3	MantonCB1,MantonCB3	-8.757
GATCGCGAGCGATATA-2	MantonCB2	1.00e+00	1.53e-10	89	MantonCB2	MantonCB2,MantonCB1	-17.551
GATCGCGAGCTACCGC-3	MantonCB3	1.00e+00	3.99e-07	79	MantonCB3	MantonCB2,MantonCB4	-9.683
GATCGCGAGTGGCACA-4	MantonCB4	1.00e+00	1.76e-11	87	MantonCB4	MantonCB1,MantonCB4	-19.715
GATCGCGCAAGAAGAG-3	MantonCB3	1.00e+00	7.73e-05	26	MantonCB3	MantonCB1,MantonCB3	-4.417
GATCGCGCATGCGCAC-2	MantonCB2	1.00e+00	2.01e-04	29	MantonCB2	MantonCB2,MantonCB1	-3.463
GATCGCGGTATGAAAC-3	MantonCB3	1.00e+00	5.21e-09	67	MantonCB3	MantonCB1,MantonCB3	-14.022
GATCGTAGTGCAGTAG-4D	doublet	3.19e-20	1.00e+00	129	MantonCB3	MantonCB2,MantonCB4	49.942
GATCTAGCAAGCCGTC-2	MantonCB2	1.00e+00	6.74e-12	84	MantonCB2	MantonCB2,MantonCB1	-20.673
GATCTAGCAATGAAAC-4	MantonCB4	1.00e+00	1.00e-12	116	MantonCB4	MantonCB2,MantonCB3	-22.580
GATCTAGGTTCTGTTT-3	MantonCB3	1.00e+00	1.12e-09	108	MantonCB3	MantonCB2,MantonCB1	-15.556
GATGAAATCAGGTTCA-3	MantonCB3	1.00e+00	6.28e-08	75	MantonCB3	MantonCB1,MantonCB3	-11.533
GATGAGGGTAGCGATG-4	MantonCB4	1.00e+00	6.07e-08	66	MantonCB4	MantonCB2,MantonCB3	-11.567
GATGAGGGTGAACCTT-3	MantonCB3	1.00e+00	2.44e-07	65	MantonCB3	MantonCB2,MantonCB1	-10.175
GATGCTACATGGAATA-4	MantonCB4	1.00e+00	1.22e-07	80	MantonCB4	MantonCB1,MantonCB4	-10.869
GATGCTAGTAAGAGAG-4	MantonCB4	1.00e+00	2.13e-08	71	MantonCB4	MantonCB2,MantonCB4	-12.613
GATGCTATCTTCTGGC-2	MantonCB2	1.00e+00	7.08e-07	47	MantonCB2	MantonCB2,MantonCB3	-9.111
GATTCAGTCTATCGCC-2	MantonCB2	1.00e+00	1.08e-08	55	MantonCB2	MantonCB2,MantonCB3	-13.293
GCAAACTCACCTGGTG-3	MantonCB3	1.00e+00	2.34e-08	68	MantonCB3	MantonCB1,MantonCB3	-12.522
GCAATCAAGCCCAGCT-4	MantonCB4	1.00e+00	1.56e-07	71	MantonCB4	MantonCB2,MantonCB3	-10.621
GCAATCAAGTACGACG-2	MantonCB2	1.00e+00	2.84e-11	139	MantonCB2	MantonCB2,MantonCB3	-19.235
GCAATCAAGTCATGCT-3	MantonCB3	1.00e+00	1.02e-07	45	MantonCB3	MantonCB2,MantonCB1	-11.046
GCAATCATCGCTGATA-3	MantonCB3	1.00e+00	1.88e-06	57	MantonCB3	MantonCB2,MantonCB1	-8.133
GCACATAAGATGCGAC-1	MantonCB1	1.00e+00	4.57e-13	124	MantonCB1	MantonCB1,MantonCB3	-23.363
GCACTCTAGGATCGCA-3	MantonCB3	1.00e+00	9.14e-07	49	MantonCB3	MantonCB2,MantonCB4	-8.855
GCACTCTGTAGCTTGT-1	MantonCB1	1.00e+00	8.45e-06	64	MantonCB1	MantonCB1,MantonCB4	-6.632
GCACTCTGTGCAACGA-4	MantonCB4	1.00e+00	9.25e-12	106	MantonCB4	MantonCB2,MantonCB3	-20.356
GCAGCCAAGGCATTGG-2	MantonCB2	1.00e+00	3.27e-09	68	MantonCB2	MantonCB2,MantonCB1	-14.488
GCATACACATGACGGA-1	MantonCB1	1.00e+00	7.57e-10	105	MantonCB1	MantonCB1,MantonCB4	-15.952
GCATGATCAATCTACG-2	MantonCB2	1.00e+00	1.16e-05	27	MantonCB2	MantonCB2,MantonCB3	-6.316
GCATGCGCAGGTTTCA-1	MantonCB1	1.00e+00	2.38e-13	142	MantonCB1	MantonCB1,MantonCB3	-24.017
GCATGCGTCACGCGGT-3	MantonCB3	1.00e+00	2.90e-07	58	MantonCB3	MantonCB2,MantonCB1	-10.004
GCATGTACAACACCCG-2	MantonCB2	1.00e+00	6.44e-06	58	MantonCB2	MantonCB2,MantonCB3	-6.903
GCATGTACAAGCCCAC-2	MantonCB2	1.00e+00	6.83e-08	76	MantonCB2	MantonCB2,MantonCB3	-11.448
GCATGTATCTGCCCTA-4	MantonCB4	1.00e+00	3.39e-08	70	MantonCB4	MantonCB2,MantonCB3	-12.151
GCCAAATCAAGCTGGA-1	MantonCB1	1.00e+00	2.66e-11	118	MantonCB1	MantonCB1,MantonCB2	-19.299
GCCAAATGTGCTGTAT-2	MantonCB2	1.00e+00	2.53e-08	83	MantonCB2	MantonCB2,MantonCB3	-12.443
GCCAAATTCAGGCGAA-1	MantonCB1	9.99e-01	1.25e-03	25	MantonCB1	MantonCB1,MantonCB4	-1.632
GCGCAGTAGTAGGTGC-2	MantonCB2	1.00e+00	6.09e-07	59	MantonCB2	MantonCB2,MantonCB3	-9.261
GCGCAGTAGTCATGCT-2	MantonCB2	1.00e+00	2.58e-10	69	MantonCB2	MantonCB2,MantonCB3	-17.027
GCGCAGTCACTAGTAC-3	MantonCB3	9.99e-01	9.79e-04	32	MantonCB3	MantonCB1,MantonCB3	-1.878
GCGCCAAAGACCCACC-3	MantonCB3	1.00e+00	1.21e-08	65	MantonCB3	MantonCB2,MantonCB1	-13.181
GCGCCAACACGGACAA-1	MantonCB1	1.00e+00	1.78e-11	112	MantonCB1	MantonCB1,MantonCB3	-19.701
GCGCGATCAATAACGA-3	MantonCB3	1.00e+00	2.75e-05	55	MantonCB3	MantonCB2,MantonCB1	-5.450
GCGCGATCACAGCGTC-4	MantonCB4	1.00e+00	1.22e-06	46	MantonCB4	MantonCB2,MantonCB3	-8.569
GCGCGATCAGTGAGTG-3	MantonCB3	1.00e+00	2.23e-11	84	MantonCB3	MantonCB1,MantonCB3	-19.475
GCGCGATCATTCCTGC-3	MantonCB3	1.00e+00	6.53e-06	57	MantonCB3	MantonCB2,MantonCB4	-6.889
GCGCGATGTGGTGTAG-2	MantonCB2	1.00e+00	5.95e-05	30	MantonCB2	MantonCB2,MantonCB1	-4.680
GCGGGTTGTCTTGCGG-1D	doublet	5.55e-06	1.00e+00	203	MantonCB1	MantonCB1,MantonCB4	17.152
GCTCCTACAATAGCGG-1	MantonCB1	1.00e+00	2.56e-07	73	MantonCB1	MantonCB1,MantonCB2	-10.130
GCTCCTAGTGTTCGAT-2	MantonCB2	1.00e+00	3.86e-07	63	MantonCB2	MantonCB2,MantonCB3	-9.718
GCTCTGTAGCGCTCCA-2	MantonCB2	1.00e+00	4.60e-10	101	MantonCB2	MantonCB2,MantonCB3	-16.450
GCTCTGTGTCGCATAT-1	MantonCB1	1.00e+00	9.28e-07	56	MantonCB1	MantonCB1,MantonCB4	-8.840
GCTCTGTGTGCAACTT-1	MantonCB1	1.00e+00	7.70e-05	36	MantonCB1	MantonCB1,MantonCB3	-4.422
GCTGCAGAGATGGCGT-4	MantonCB4	1.00e+00	1.40e-05	32	MantonCB4	MantonCB2,MantonCB3	-6.123
GCTGCAGTCAAGATCC-1	MantonCB1	1.00e+00	1.68e-07	45	MantonCB1	MantonCB1,MantonCB2	-10.550
GCTGCGAAGCTTCGCG-2	MantonCB2	1.00e+00	9.57e-18	132	MantonCB2	MantonCB2,MantonCB3	-34.138
GCTGCGAAGTTATCGC-1	MantonCB1	1.00e+00	1.66e-07	70	MantonCB1	MantonCB1,MantonCB4	-10.560
GCTGCGACAAAGTCAA-4	MantonCB4	1.00e+00	2.32e-06	47	MantonCB4	MantonCB2,MantonCB3	-7.926
GCTGCGAGTCCGAAGA-1	MantonCB1	1.00e+00	3.28e-06	38	MantonCB1	MantonCB1,MantonCB3	-7.578
GCTGCGAGTCGGATCC-3	MantonCB3	1.00e+00	1.02e-08	51	MantonCB3	MantonCB1,MantonCB3	-13.354
GCTGCGATCACATACG-3	MantonCB3	1.00e+00	1.32e-09	71	MantonCB3	MantonCB2,MantonCB4	-15.392
GCTGCTTAGTCAAGCG-2	MantonCB2	1.00e+00	7.55e-12	84	MantonCB2	MantonCB2,MantonCB1	-20.559
GCTGCTTCAGATCCAT-4	MantonCB4	1.00e+00	1.47e-06	43	MantonCB4	MantonCB1,MantonCB4	-8.379
GCTGCTTTCGGCATCG-1	MantonCB1	1.00e+00	9.75e-11	97	MantonCB1	MantonCB1,MantonCB4	-18.001
GCTGGGTCAGCGTCCA-4	MantonCB4	1.00e+00	1.76e-06	47	MantonCB4	MantonCB2,MantonCB3	-8.203
GCTTCCACAAACAACA-4	MantonCB4	1.00e+00	4.09e-08	51	MantonCB4	MantonCB1,MantonCB4	-11.963
GCTTCCACAGACACTT-1	MantonCB1	1.00e+00	3.23e-04	31	MantonCB1	MantonCB1,MantonCB4	-2.988
GGAAAGCAGGGATACC-2	MantonCB2	1.00e+00	2.59e-08	79	MantonCB2	MantonCB2,MantonCB3	-12.420
GGAAAGCGTCAAGCGA-2D	doublet	1.89e-08	9.97e-01	81	MantonCB2	MantonCB1,MantonCB2	22.830
GGAACTTAGATACACA-2	MantonCB2	1.00e+00	1.13e-08	67	MantonCB2	MantonCB2,MantonCB3	-13.245
GGAACTTCAGACAGGT-3	MantonCB3	1.00e+00	1.64e-10	92	MantonCB3	MantonCB2,MantonCB4	-17.482
GGAACTTGTGTGGTTT-4	MantonCB4	1.00e+00	6.37e-07	58	MantonCB4	MantonCB2,MantonCB3	-9.216
GGAACTTGTTAAAGTG-3	MantonCB3	1.00e+00	4.88e-08	63	MantonCB3	MantonCB2,MantonCB4	-11.786
GGAATAACAGACGCCT-4	MantonCB4	1.00e+00	3.23e-07	51	MantonCB4	MantonCB2,MantonCB3	-9.895
GGAATAACAGGTCGTC-2	MantonCB2	1.00e+00	6.58e-09	64	MantonCB2	MantonCB2,MantonCB3	-13.790
GGAATAAGTTGGTAAA-4	MantonCB4	1.00e+00	2.06e-07	56	MantonCB4	MantonCB2,MantonCB3	-10.343
GGAATAATCCGTTGCT-1	MantonCB1	1.00e+00	1.16e-11	82	MantonCB1	MantonCB1,MantonCB3	-20.133
GGACAAGGTCCGAGTC-3	MantonCB3	9.98e-01	1.88e-03	45	MantonCB3	MantonCB1,MantonCB3	-1.222
GGACAGAAGTCTCCTC-1	MantonCB1	1.00e+00	4.02e-09	84	MantonCB1	MantonCB1,MantonCB3	-14.283
GGACAGATCGCGTAGC-4	MantonCB4	1.00e+00	1.09e-04	49	MantonCB4	MantonCB1,MantonCB4	-4.074
GGACATTGTTAAGGGC-2	MantonCB2	1.00e+00	2.86e-08	80	MantonCB2	MantonCB2,MantonCB3	-12.318
GGACATTTCGTACCGG-2	MantonCB2	1.00e+00	4.18e-05	34	MantonCB2	MantonCB1,MantonCB2	-5.032
GGACGTCAGCGAGAAA-1	MantonCB1	1.00e+00	5.07e-15	134	MantonCB1	MantonCB1,MantonCB2	-27.866
GGAGCAATCGTTGACA-4	MantonCB4	1.00e+00	1.69e-07	61	MantonCB4	MantonCB2,MantonCB3	-10.544
GGATGTTGTCTTCGTC-2	MantonCB2	1.00e+00	3.89e-06	52	MantonCB2	MantonCB2,MantonCB3	-7.408
GGATGTTTCTATCCTA-1	MantonCB1	1.00e+00	4.02e-05	66	MantonCB1	MantonCB1,MantonCB4	-5.072
GGATTACAGATCCGAG-1	MantonCB1	1.00e+00	3.20e-15	130	MantonCB1	MantonCB1,MantonCB4	-28.327
GGATTACTCGAGCCCA-2	MantonCB2	1.00e+00	2.08e-04	33	MantonCB2	MantonCB2,MantonCB1	-3.426
GGCAATTCAATAACGA-2	MantonCB2	1.00e+00	3.40e-18	182	MantonCB2	MantonCB2,MantonCB1	-35.172
GGCCGATTCCAAAGTC-3	MantonCB3	1.00e+00	5.51e-06	66	MantonCB3	MantonCB2,MantonCB4	-7.059
GGCTGGTGTACGCTGC-1	MantonCB1	1.00e+00	4.11e-09	75	MantonCB1	MantonCB1,MantonCB3	-14.260
GGGAATGAGTGGTAAT-2	MantonCB2	9.99e-01	3.42e-04	44	MantonCB2	MantonCB2,MantonCB1	-2.930
GGGACCTGTGGTCTCG-3	MantonCB3	1.00e+00	6.52e-08	56	MantonCB3	MantonCB1,MantonCB3	-11.496
GGGAGATAGACAGGCT-2	MantonCB2	1.00e+00	2.59e-06	43	MantonCB2	MantonCB1,MantonCB2	-7.814
GGGAGATAGGAGCGAG-1	MantonCB1	1.00e+00	1.36e-05	33	MantonCB1	MantonCB1,MantonCB2	-6.153
GGGAGATAGGGCATGT-3	MantonCB3	1.00e+00	1.17e-08	56	MantonCB3	MantonCB2,MantonCB4	-13.217
GGGAGATCAACTGGCC-3	MantonCB3	1.00e+00	4.56e-07	58	MantonCB3	MantonCB2,MantonCB1	-9.549
GGGAGATCAAGTACCT-2	MantonCB2	1.00e+00	2.39e-08	63	MantonCB2	MantonCB2,MantonCB3	-12.498
GGGATGAGTAGCTAAA-4	MantonCB4	1.00e+00	6.19e-07	66	MantonCB4	MantonCB2,MantonCB3	-9.245
GGGATGAGTCATGCCG-1	MantonCB1	1.00e+00	6.90e-11	92	MantonCB1	MantonCB1,MantonCB4	-18.347
GGGATGATCGTGGACC-3D	doublet	1.38e-02	9.86e-01	103	MantonCB3	MantonCB2,MantonCB1	9.320
GGGCATCAGTGGGCTA-2	MantonCB2	9.99e-01	5.90e-04	36	MantonCB2	MantonCB1,MantonCB2	-2.384
GGGCATCTCGCATGAT-4	MantonCB4	1.00e+00	1.42e-05	40	MantonCB4	MantonCB2,MantonCB3	-6.115
GGGTCTGAGAGTAATC-2D	doublet	1.69e-02	9.83e-01	295	MantonCB1	MantonCB1,MantonCB2	9.113
GGGTTGCAGATGCCTT-1	MantonCB1	1.00e+00	4.78e-11	105	MantonCB1	MantonCB1,MantonCB3	-18.714
GGGTTGCAGCACACAG-1	MantonCB1	1.00e+00	5.35e-17	120	MantonCB1	MantonCB1,MantonCB4	-32.416
GGGTTGCGTAGCTCCG-3	MantonCB3	1.00e+00	3.69e-09	74	MantonCB3	MantonCB2,MantonCB1	-14.369
GGGTTGCTCTAGAGTC-2	MantonCB2	1.00e+00	4.96e-13	119	MantonCB2	MantonCB1,MantonCB2	-23.281
GGTATTGAGACCCACC-4	MantonCB4	1.00e+00	4.93e-08	86	MantonCB4	MantonCB2,MantonCB4	-11.774
GGTATTGCAGCTGTTA-4	MantonCB4	1.00e+00	1.14e-11	94	MantonCB4	MantonCB2,MantonCB4	-20.149
GGTGAAGAGAGTAAGG-2	MantonCB2	1.00e+00	2.04e-08	77	MantonCB2	MantonCB2,MantonCB3	-12.656
GGTGAAGCAGATGGCA-4	MantonCB4	1.00e+00	3.71e-05	43	MantonCB4	MantonCB2,MantonCB3	-5.152
GGTGCGTCATGCCTAA-4D	doublet	1.87e-05	1.00e+00	124	MantonCB2	MantonCB2,MantonCB3	15.935
GGTGTTACAGACTCGC-4	MantonCB4	1.00e+00	2.18e-13	134	MantonCB4	MantonCB2,MantonCB3	-24.102
GGTGTTACATCTATGG-2	MantonCB2	1.00e+00	6.96e-25	223	MantonCB2	MantonCB2,MantonCB3	-50.575
GTAACGTCAGGCTGAA-1	MantonCB1	1.00e+00	7.18e-08	73	MantonCB1	MantonCB1,MantonCB4	-11.399
GTAACGTTCACCTCGT-2	MantonCB2	1.00e+00	2.64e-06	59	MantonCB2	MantonCB2,MantonCB3	-7.793
GTAACGTTCAGCCTAA-1	MantonCB1	1.00e+00	3.11e-11	125	MantonCB1	MantonCB1,MantonCB4	-19.143
GTAACTGTCGCGGATC-1	MantonCB1	1.00e+00	1.58e-15	127	MantonCB1	MantonCB1,MantonCB2	-29.029
GTACGTAAGTGGACGT-3	MantonCB3	1.00e+00	1.70e-07	72	MantonCB3	MantonCB2,MantonCB1	-10.540
GTACGTAGTATCACCA-4	MantonCB4	1.00e+00	6.25e-08	86	MantonCB4	MantonCB1,MantonCB4	-11.537
GTACGTATCCAAGTAC-4	MantonCB4	1.00e+00	8.39e-05	29	MantonCB4	MantonCB2,MantonCB3	-4.335
GTACTCCCAAATCCGT-2	MantonCB2	1.00e+00	2.05e-08	55	MantonCB2	MantonCB2,MantonCB1	-12.651
GTACTCCCATCCCATC-3	MantonCB3	1.00e+00	8.11e-06	64	MantonCB3	MantonCB1,MantonCB3	-6.672
GTACTCCGTATATCCG-4	MantonCB4	1.00e+00	6.53e-09	63	MantonCB4	MantonCB1,MantonCB4	-13.797
GTACTCCTCGAATCCA-1	MantonCB1	1.00e+00	3.93e-05	25	MantonCB1	MantonCB1,MantonCB2	-5.093
GTACTCCTCTTCGGTC-1	MantonCB1	1.00e+00	3.31e-05	38	MantonCB1	MantonCB1,MantonCB2	-5.265
GTACTTTAGTTAGCGG-4	MantonCB4	1.00e+00	3.67e-08	45	MantonCB4	MantonCB2,MantonCB3	-12.070
GTACTTTCATGGTCTA-2	MantonCB2	1.00e+00	1.16e-08	87	MantonCB2	MantonCB2,MantonCB3	-13.225
GTAGGCCGTTACGACT-3	MantonCB3	1.00e+00	3.22e-10	120	MantonCB3	MantonCB2,MantonCB4	-16.805
GTAGTCAAGACGCTTT-1	MantonCB1	1.00e+00	3.33e-04	41	MantonCB1	MantonCB1,MantonCB2	-2.956
GTAGTCACACGAAATA-1	MantonCB1	1.00e+00	4.91e-11	85	MantonCB1	MantonCB1,MantonCB4	-18.687
GTAGTCACATCGGTTA-3D	doublet	9.71e-17	1.00e+00	153	MantonCB3	MantonCB2,MantonCB1	41.921
GTAGTCACATGAACCT-4	MantonCB4	1.00e+00	2.97e-07	62	MantonCB4	MantonCB2,MantonCB3	-9.978
GTAGTCATCGGGAGTA-4	MantonCB4	1.00e+00	6.75e-08	62	MantonCB4	MantonCB2,MantonCB3	-11.460
GTAGTCATCTGGCGAC-1	MantonCB1	1.00e+00	1.02e-08	85	MantonCB1	MantonCB1,MantonCB4	-13.350
GTATCTTAGAACTCGG-4	MantonCB4	1.00e+00	1.20e-05	60	MantonCB4	MantonCB2,MantonCB3	-6.276
GTATCTTCATCGGAAG-1	MantonCB1	1.00e+00	4.59e-13	101	MantonCB1	MantonCB1,MantonCB2	-23.360
GTCAAGTTCCGTAGTA-2	MantonCB2	1.00e+00	1.00e-04	25	MantonCB2	MantonCB2,MantonCB3	-4.157
GTCACAACAGCTATTG-2D	doublet	4.03e-07	1.00e+00	116	MantonCB2	MantonCB2,MantonCB3	19.775
GTCACGGAGCGTAGTG-4	MantonCB4	1.00e+00	2.73e-07	56	MantonCB4	MantonCB2,MantonCB4	-10.063
GTCACGGCAACACCTA-1	MantonCB1	1.00e+00	2.20e-10	81	MantonCB1	MantonCB1,MantonCB3	-17.187
GTCATTTAGACCTTTG-1	MantonCB1	1.00e+00	4.03e-11	96	MantonCB1	MantonCB1,MantonCB4	-18.884
GTCATTTCACTCTGTC-3	MantonCB3	1.00e+00	3.27e-07	68	MantonCB3	MantonCB2,MantonCB1	-9.882
GTCCTCAAGTAGGTGC-2	MantonCB2	1.00e+00	6.63e-08	71	MantonCB2	MantonCB2,MantonCB1	-11.479
GTCCTCAGTCGCATAT-3	MantonCB3	1.00e+00	4.18e-12	149	MantonCB3	MantonCB2,MantonCB4	-21.151
GTCCTCATCATGCTCC-4	MantonCB4	1.00e+00	2.35e-05	56	MantonCB4	MantonCB2,MantonCB4	-5.610
GTCCTCATCCGTAGTA-1	MantonCB1	1.00e+00	2.12e-06	47	MantonCB1	MantonCB1,MantonCB4	-8.013
GTCGGGTAGAGTACCG-3	MantonCB3	1.00e+00	6.99e-05	31	MantonCB3	MantonCB2,MantonCB1	-4.517
GTCGTAAAGCACACAG-1	MantonCB1	1.00e+00	4.90e-18	177	MantonCB1	MantonCB1,MantonCB4	-34.806
GTCGTAAAGTACGATA-1	MantonCB1	1.00e+00	1.34e-13	156	MantonCB1	MantonCB1,MantonCB3	-24.590
GTCGTAACAAATTGCC-1	MantonCB1	9.99e-01	6.20e-04	34	MantonCB1	MantonCB1,MantonCB2	-2.335
GTCTTCGGTTAGTGGG-1	MantonCB1	1.00e+00	7.30e-11	67	MantonCB1	MantonCB1,MantonCB3	-18.291
GTCTTCGTCTTCGAGA-1	MantonCB1	1.00e+00	6.68e-14	133	MantonCB1	MantonCB1,MantonCB3	-25.287
GTGAAGGAGGGTCGAT-1	MantonCB1	1.00e+00	4.96e-18	129	MantonCB1	MantonCB1,MantonCB3	-34.796
GTGAAGGCACGTTGGC-1	MantonCB1	1.00e+00	3.21e-09	66	MantonCB1	MantonCB1,MantonCB4	-14.506
GTGCAGCCATGCATGT-4	MantonCB4	1.00e+00	8.63e-08	70	MantonCB4	MantonCB2,MantonCB3	-11.216
GTGCAGCCATGTAGTC-3	MantonCB3	1.00e+00	1.29e-11	138	MantonCB3	MantonCB2,MantonCB4	-20.026
GTGCAGCTCCGAATGT-3	MantonCB3	1.00e+00	4.47e-10	108	MantonCB3	MantonCB1,MantonCB3	-16.479
GTGCAGCTCTTGTCAT-2	MantonCB2	1.00e+00	4.85e-11	87	MantonCB2	MantonCB2,MantonCB1	-18.700
GTGCGGTAGGATGGTC-3	MantonCB3	1.00e+00	1.79e-07	82	MantonCB3	MantonCB1,MantonCB3	-10.488
GTGCGGTCAGCGTAAG-4	MantonCB4	1.00e+00	6.31e-07	73	MantonCB4	MantonCB2,MantonCB3	-9.226
GTGCGGTGTCTAAACC-1	MantonCB1	1.00e+00	2.22e-11	109	MantonCB1	MantonCB1,MantonCB2	-19.480
GTGCGGTGTTCCCGAG-4	MantonCB4	1.00e+00	3.13e-05	37	MantonCB4	MantonCB1,MantonCB4	-5.322
GTGCGGTTCGGTCCGA-1	MantonCB1	1.00e+00	2.55e-15	164	MantonCB1	MantonCB1,MantonCB4	-28.553
GTGGGTCAGAGTGACC-2D	doublet	4.28e-12	1.00e+00	160	MantonCB4	MantonCB2,MantonCB3	31.228
GTGGGTCCACGCATCG-1	MantonCB1	1.00e+00	2.05e-06	67	MantonCB1	MantonCB1,MantonCB4	-8.046
GTGTGCGAGCGATAGC-3	MantonCB3	1.00e+00	1.76e-07	50	MantonCB3	MantonCB2,MantonCB1	-10.505
GTGTGCGTCCTTGCCA-1	MantonCB1	1.00e+00	2.30e-06	61	MantonCB1	MantonCB1,MantonCB3	-7.933
GTGTTAGCAGATCTGT-2	MantonCB2	1.00e+00	1.27e-07	47	MantonCB2	MantonCB2,MantonCB3	-10.831
GTGTTAGGTATAGGGC-3	MantonCB3	1.00e+00	6.94e-09	62	MantonCB3	MantonCB1,MantonCB3	-13.736
GTGTTAGTCCAATGGT-1	MantonCB1	1.00e+00	1.81e-09	107	MantonCB1	MantonCB1,MantonCB3	-15.082
GTTAAGCGTCCAGTTA-1	MantonCB1	1.00e+00	7.45e-13	99	MantonCB1	MantonCB1,MantonCB2	-22.876
GTTACAGCAATCTGCA-3	MantonCB3	1.00e+00	9.13e-13	110	MantonCB3	MantonCB2,MantonCB4	-22.671
GTTACAGGTTCTCATT-4	MantonCB4	1.00e+00	2.69e-06	74	MantonCB4	MantonCB2,MantonCB3	-7.777
GTTACAGTCTCGGACG-4	MantonCB4	1.00e+00	4.99e-08	46	MantonCB4	MantonCB2,MantonCB3	-11.764
GTTCATTCACGTTGGC-4	MantonCB4	1.00e+00	8.73e-07	44	MantonCB4	MantonCB1,MantonCB4	-8.901
GTTCGGGTCGATCCCT-3	MantonCB3	1.00e+00	1.59e-07	83	MantonCB3	MantonCB2,MantonCB1	-10.602
GTTCTCGAGGTTCCTA-3	MantonCB3	1.00e+00	6.98e-08	74	MantonCB3	MantonCB2,MantonCB4	-11.427
GTTCTCGCAGGCGATA-3	MantonCB3	1.00e+00	3.62e-06	52	MantonCB3	MantonCB2,MantonCB4	-7.479
GTTCTCGCATATGAGA-3	MantonCB3	1.00e+00	7.92e-07	56	MantonCB3	MantonCB2,MantonCB1	-8.999
GTTCTCGGTTATCACG-1	MantonCB1	1.00e+00	5.69e-16	173	MantonCB1	MantonCB1,MantonCB3	-30.053
GTTCTCGTCTGATTCT-3	MantonCB3	1.00e+00	4.53e-07	70	MantonCB3	MantonCB1,MantonCB3	-9.557
GTTTCTAAGAAGAAGC-2D	MantonCB2	9.98e-01	2.14e-03	72	MantonCB2	MantonCB2,MantonCB3	-1.096
GTTTCTAAGCAGCCTC-1	MantonCB1	1.00e+00	4.83e-19	148	MantonCB1	MantonCB1,MantonCB3	-37.125
GTTTCTAGTGCCTTGG-4	MantonCB4	1.00e+00	6.37e-08	75	MantonCB4	MantonCB2,MantonCB3	-11.520
TAAACCGTCGGTTCGG-4	MantonCB4	1.00e+00	3.82e-06	30	MantonCB4	MantonCB1,MantonCB4	-7.425
TAAGCGTGTAAGGATT-2	MantonCB2	1.00e+00	2.17e-10	101	MantonCB2	MantonCB2,MantonCB3	-17.199
TAAGTGCGTGACTACT-4	MantonCB4	1.00e+00	1.30e-07	63	MantonCB4	MantonCB2,MantonCB3	-10.804
TACACGATCCGAGCCA-2	MantonCB2	1.00e+00	1.66e-09	73	MantonCB2	MantonCB2,MantonCB3	-15.167
TACAGTGAGACCACGA-2	MantonCB2	1.00e+00	1.84e-05	40	MantonCB2	MantonCB2,MantonCB1	-5.855
TACAGTGCATTACCTT-1	MantonCB1	1.00e+00	6.98e-12	114	MantonCB1	MantonCB1,MantonCB3	-20.638
TACCTATCAAGGCTCC-1	MantonCB1	1.00e+00	3.24e-05	44	MantonCB1	MantonCB1,MantonCB4	-5.287
TACCTATCATGCTGGC-4	MantonCB4	1.00e+00	1.36e-06	67	MantonCB4	MantonCB2,MantonCB4	-8.456
TACCTATTCGGTTAAC-1	MantonCB1	1.00e+00	1.04e-11	119	MantonCB1	MantonCB1,MantonCB3	-20.234
TACCTATTCTCGATGA-4	MantonCB4	1.00e+00	9.27e-05	28	MantonCB4	MantonCB1,MantonCB4	-4.235
TACCTATTCTTGAGAC-3	MantonCB3	1.00e+00	9.43e-07	48	MantonCB3	MantonCB2,MantonCB1	-8.824
TACCTTAAGTTCGCGC-3D	MantonCB3	1.00e+00	2.56e-05	100	MantonCB3	MantonCB2,MantonCB1	-5.523
TACCTTATCTTCAACT-3	MantonCB3	1.00e+00	2.63e-10	77	MantonCB3	MantonCB2,MantonCB4	-17.010
TACGGGCTCGGCGCTA-3	MantonCB3	1.00e+00	6.09e-05	64	MantonCB3	MantonCB1,MantonCB3	-4.655
TACGGGCTCTCGCATC-2	MantonCB2	1.00e+00	2.44e-07	69	MantonCB2	MantonCB1,MantonCB2	-10.174
TACGGGCTCTGCGACG-2	MantonCB2	9.99e-01	8.00e-04	64	MantonCB2	MantonCB2,MantonCB3	-2.080
TACGGTAAGCCTTGAT-1	MantonCB1	1.00e+00	3.35e-04	26	MantonCB1	MantonCB1,MantonCB3	-2.949
TACGGTACAGCGTAAG-1D	MantonCB1	1.00e+00	5.21e-15	192	MantonCB1	MantonCB1,MantonCB4	-27.838
TACGGTAGTTACCGAT-1	MantonCB1	9.99e-01	5.90e-04	27	MantonCB1	MantonCB1,MantonCB3	-2.385
TACTCATAGCTCTCGG-4	MantonCB4	1.00e+00	8.67e-08	82	MantonCB4	MantonCB2,MantonCB3	-11.210
TACTCATCAGCCAGAA-1	MantonCB1	1.00e+00	2.63e-18	144	MantonCB1	MantonCB1,MantonCB3	-35.429
TACTCATCATGCTGGC-4	MantonCB4	1.00e+00	7.43e-10	54	MantonCB4	MantonCB2,MantonCB3	-15.970
TACTCATCATGGATGG-3	MantonCB3	1.00e+00	2.51e-05	66	MantonCB3	MantonCB2,MantonCB4	-5.544
TACTTACAGAGATGAG-2	MantonCB2	1.00e+00	1.49e-04	54	MantonCB2	MantonCB2,MantonCB3	-3.758
TACTTACCACAGCCCA-1	MantonCB1	1.00e+00	4.52e-11	107	MantonCB1	MantonCB1,MantonCB3	-18.770
TACTTACGTCAGAATA-1D	doublet	6.01e-24	1.00e+00	165	MantonCB2	MantonCB1,MantonCB2	58.519
TACTTACTCATTATCC-4	MantonCB4	1.00e+00	1.08e-05	54	MantonCB4	MantonCB2,MantonCB3	-6.383
TACTTGTAGCTAAGAT-2	MantonCB2	1.00e+00	9.83e-09	71	MantonCB2	MantonCB2,MantonCB3	-13.388
TACTTGTAGGCCATAG-2	MantonCB2	1.00e+00	8.89e-07	63	MantonCB2	MantonCB2,MantonCB3	-8.883
TAGACCACATCGGTTA-4	MantonCB4	1.00e+00	5.19e-07	56	MantonCB4	MantonCB2,MantonCB3	-9.422
TAGACCATCTATCCCG-2	MantonCB2	1.00e+00	1.27e-17	167	MantonCB2	MantonCB1,MantonCB2	-33.852
TAGAGCTGTACTTAGC-4	MantonCB4	1.00e+00	2.23e-10	81	MantonCB4	MantonCB2,MantonCB3	-17.172
TAGCCGGGTAGCTGCC-1	MantonCB1	1.00e+00	8.18e-05	45	MantonCB1	MantonCB1,MantonCB4	-4.361
TAGTGGTAGCTTCGCG-2	MantonCB2	1.00e+00	1.32e-08	98	MantonCB2	MantonCB2,MantonCB3	-13.092
TAGTGGTAGTATTGGA-2	MantonCB2	1.00e+00	7.27e-07	65	MantonCB2	MantonCB1,MantonCB2	-9.084
TAGTGGTGTTCCACAA-4	MantonCB4	1.00e+00	5.33e-09	72	MantonCB4	MantonCB1,MantonCB4	-14.000
TAGTTGGGTCTAGGTT-3	MantonCB3	1.00e+00	2.83e-04	77	MantonCB3	MantonCB2,MantonCB4	-3.120
TATCAGGAGAGACGAA-4	MantonCB4	1.00e+00	7.71e-05	34	MantonCB4	MantonCB2,MantonCB3	-4.421
TATCAGGGTGTGACGA-3	MantonCB3	1.00e+00	2.93e-07	59	MantonCB3	MantonCB2,MantonCB1	-9.993
TATCAGGGTTTACTCT-3	MantonCB3	1.00e+00	1.51e-08	95	MantonCB3	MantonCB2,MantonCB1	-12.957
TATCAGGTCTACCTGC-2	MantonCB2	1.00e+00	2.37e-07	46	MantonCB2	MantonCB1,MantonCB2	-10.205
TATCTCACATATACGC-2	MantonCB2	1.00e+00	6.45e-06	53	MantonCB2	MantonCB1,MantonCB2	-6.901
TATCTCAGTCGTGGCT-3	MantonCB3	1.00e+00	1.32e-05	45	MantonCB3	MantonCB2,MantonCB4	-6.183
TATTACCAGACCACGA-1	MantonCB1	1.00e+00	7.22e-08	75	MantonCB1	MantonCB1,MantonCB4	-11.394
TATTACCAGTGAAGTT-2	MantonCB2	1.00e+00	1.60e-07	65	MantonCB2	MantonCB2,MantonCB3	-10.596
TCAATCTAGCGATCCC-1	MantonCB1	1.00e+00	3.15e-14	161	MantonCB1	MantonCB1,MantonCB4	-26.039
TCAATCTTCCCAAGAT-3	MantonCB3	1.00e+00	5.68e-08	62	MantonCB3	MantonCB1,MantonCB3	-11.634
TCACAAGTCACCGGGT-4	MantonCB4	1.00e+00	5.42e-09	75	MantonCB4	MantonCB2,MantonCB3	-13.983
TCACGAATCGCGGATC-1	MantonCB1	1.00e+00	4.97e-09	76	MantonCB1	MantonCB1,MantonCB4	-14.069
TCAGATGAGAAACCAT-3	MantonCB3	1.00e+00	1.79e-11	103	MantonCB3	MantonCB2,MantonCB4	-19.694
TCAGATGCACAGACAG-1	MantonCB1	9.94e-01	3.40e-03	59	MantonCB1	MantonCB1,MantonCB2	-0.629
TCAGATGTCGGCGCAT-1	MantonCB1	1.00e+00	7.86e-13	113	MantonCB1	MantonCB1,MantonCB2	-22.821
TCAGCAAAGTCGAGTG-2	MantonCB2	1.00e+00	6.89e-12	121	MantonCB2	MantonCB2,MantonCB3	-20.650
TCAGCAACACCGGAAA-3S	MantonCB3	1.00e+00	1.61e-11	172	MantonCB3	MantonCB1,MantonCB3	-19.801
TCAGCTCTCTGACCTC-2	MantonCB2	1.00e+00	2.97e-07	63	MantonCB2	MantonCB2,MantonCB3	-9.978
TCAGGATAGAAGGTGA-4	MantonCB4	1.00e+00	2.03e-05	38	MantonCB4	MantonCB2,MantonCB3	-5.755
TCAGGATCATTCCTCG-2	MantonCB2	1.00e+00	1.35e-04	50	MantonCB2	MantonCB2,MantonCB1	-3.858
TCAGGTATCGCGTAGC-3	MantonCB3	9.99e-01	5.81e-04	35	MantonCB3	MantonCB1,MantonCB3	-2.399
TCATTACCATTACCTT-4	MantonCB4	1.00e+00	2.06e-06	87	MantonCB4	MantonCB2,MantonCB3	-8.042
TCATTACGTGTCTGAT-4	MantonCB4	1.00e+00	1.56e-07	69	MantonCB4	MantonCB2,MantonCB3	-10.625
TCATTACGTTCAGTAC-1	MantonCB1	1.00e+00	2.44e-10	87	MantonCB1	MantonCB1,MantonCB3	-17.083
TCCACACCAGCGTTCG-1	MantonCB1	1.00e+00	8.93e-06	101	MantonCB1	MantonCB1,MantonCB4	-6.575
TCCACACCATCACGAT-2	MantonCB2	1.00e+00	2.79e-08	73	MantonCB2	MantonCB2,MantonCB3	-12.346
TCCACACTCATCATTC-4	MantonCB4	1.00e+00	3.45e-08	80	MantonCB4	MantonCB1,MantonCB4	-12.133
TCGAGGCAGCACCGTC-3	MantonCB3	1.00e+00	1.93e-07	79	MantonCB3	MantonCB1,MantonCB3	-10.412
TCGAGGCTCGACCAGC-2	MantonCB2	1.00e+00	1.03e-06	71	MantonCB2	MantonCB2,MantonCB3	-8.732
TCGCGAGAGAAACGAG-2	MantonCB2	1.00e+00	2.15e-07	58	MantonCB2	MantonCB2,MantonCB3	-10.304
TCGCGTTAGCGCCTTG-2	MantonCB2	1.00e+00	1.64e-05	40	MantonCB2	MantonCB2,MantonCB3	-5.970
TCGCGTTCAGCCTTTC-4	MantonCB4	1.00e+00	6.22e-07	52	MantonCB4	MantonCB2,MantonCB3	-9.240
TCGGGACAGACATAAC-2	MantonCB2	1.00e+00	3.03e-08	62	MantonCB2	MantonCB1,MantonCB2	-12.261
TCGGGACAGGGATCTG-1	MantonCB1	1.00e+00	7.16e-06	43	MantonCB1	MantonCB1,MantonCB3	-6.797
TCGGGACAGTTGTAGA-2	MantonCB2	1.00e+00	4.08e-09	72	MantonCB2	MantonCB2,MantonCB3	-14.267
TCGGTAAAGCGCTTAT-2	MantonCB2	1.00e+00	5.27e-07	64	MantonCB2	MantonCB2,MantonCB3	-9.406
TCGGTAAAGGTGACCA-3	MantonCB3	1.00e+00	1.32e-09	82	MantonCB3	MantonCB2,MantonCB4	-15.396
TCGGTAACACCATGTA-4	MantonCB4	1.00e+00	5.49e-08	59	MantonCB4	MantonCB1,MantonCB4	-11.667
TCGGTAATCACCATAG-4S	MantonCB4	1.00e+00	9.89e-13	121	MantonCB4	MantonCB2,MantonCB3	-22.592
TCGTACCAGGTAAACT-1	MantonCB1	1.00e+00	9.11e-10	94	MantonCB1	MantonCB1,MantonCB2	-15.766
TCGTAGAGTAGGAGTC-2	MantonCB2	1.00e+00	4.67e-18	149	MantonCB2	MantonCB2,MantonCB3	-34.855
TCTATTGCAAGAAGAG-3	MantonCB3	1.00e+00	1.30e-07	60	MantonCB3	MantonCB2,MantonCB1	-10.809
TCTATTGGTCAACATC-3	MantonCB3	1.00e+00	6.86e-08	69	MantonCB3	MantonCB1,MantonCB3	-11.445
TCTCATAAGCCCTAAT-2	MantonCB2	1.00e+00	4.07e-10	92	MantonCB2	MantonCB2,MantonCB3	-16.571
TCTCATACAGCGTAAG-4	MantonCB4	1.00e+00	3.61e-08	77	MantonCB4	MantonCB2,MantonCB3	-12.087
TCTCATATCCAAGTAC-4	MantonCB4	1.00e+00	9.17e-07	44	MantonCB4	MantonCB2,MantonCB4	-8.852
TCTCTAAGTACGAAAT-3	MantonCB3	1.00e+00	6.79e-06	87	MantonCB3	MantonCB1,MantonCB3	-6.850
TCTCTAAGTCAGAATA-2	MantonCB2	1.00e+00	2.73e-10	62	MantonCB2	MantonCB2,MantonCB1	-16.970
TCTCTAAGTGACCAAG-2	MantonCB2	1.00e+00	1.51e-08	65	MantonCB2	MantonCB2,MantonCB1	-12.961
TCTCTAATCACAATGC-3	MantonCB3	1.00e+00	3.93e-08	66	MantonCB3	MantonCB2,MantonCB4	-12.001
TCTGAGAAGCCACGCT-1	MantonCB1	9.99e-01	3.44e-04	25	MantonCB1	MantonCB1,MantonCB2	-2.923
TCTGGAACACCGGAAA-3	MantonCB3	1.00e+00	6.16e-08	77	MantonCB3	MantonCB2,MantonCB1	-11.553
TCTGGAAGTGCGGTAA-4	MantonCB4	1.00e+00	2.53e-05	57	MantonCB4	MantonCB2,MantonCB3	-5.533
TCTTCGGCATTGAGCT-4	MantonCB4	1.00e+00	4.32e-10	74	MantonCB4	MantonCB2,MantonCB4	-16.513
TCTTCGGTCCAGTAGT-3	MantonCB3	1.00e+00	1.26e-07	79	MantonCB3	MantonCB1,MantonCB3	-10.838
TCTTTCCGTGGCGAAT-1	MantonCB1	1.00e+00	2.23e-11	99	MantonCB1	MantonCB1,MantonCB3	-19.476
TGAAAGACAATGTTGC-3	MantonCB3	1.00e+00	2.87e-09	69	MantonCB3	MantonCB2,MantonCB1	-14.619
TGAAAGACATGCAACT-2	MantonCB2	1.00e+00	3.27e-12	122	MantonCB2	MantonCB2,MantonCB3	-21.396
TGACAACAGTGGACGT-4	MantonCB4	1.00e+00	5.86e-06	62	MantonCB4	MantonCB1,MantonCB4	-6.997
TGACAACCATGATCCA-4	MantonCB4	1.00e+00	3.54e-07	83	MantonCB4	MantonCB2,MantonCB4	-9.804
TGACAACTCACCCGAG-4	MantonCB4	1.00e+00	4.89e-08	83	MantonCB4	MantonCB2,MantonCB3	-11.783
TGACGGCAGAAGGACA-1	MantonCB1	1.00e+00	6.76e-12	111	MantonCB1	MantonCB1,MantonCB3	-20.669
TGACGGCAGACCTAGG-1	MantonCB1	1.00e+00	1.29e-09	80	MantonCB1	MantonCB1,MantonCB4	-15.418
TGACTAGCACATTCGA-3	MantonCB3	1.00e+00	9.21e-09	79	MantonCB3	MantonCB2,MantonCB4	-13.453
TGACTAGGTGGTTTCA-2	MantonCB2	1.00e+00	6.77e-07	75	MantonCB2	MantonCB2,MantonCB3	-9.156
TGACTAGTCCAACCAA-4	MantonCB4	1.00e+00	1.04e-04	69	MantonCB4	MantonCB2,MantonCB3	-4.120
TGACTTTAGATTACCC-1	MantonCB1	1.00e+00	7.50e-20	160	MantonCB1	MantonCB1,MantonCB3	-38.987
TGACTTTCATGTCCTC-1	MantonCB1	1.00e+00	5.24e-10	151	MantonCB1	MantonCB1,MantonCB4	-16.318
TGAGAGGCACGTCAGC-4	MantonCB4	1.00e+00	1.69e-08	61	MantonCB4	MantonCB2,MantonCB3	-12.843
TGAGAGGTCAATCACG-4	MantonCB4	1.00e+00	6.73e-06	56	MantonCB4	MantonCB1,MantonCB4	-6.858
TGAGAGGTCCCGGATG-2	MantonCB2	1.00e+00	3.27e-06	55	MantonCB2	MantonCB2,MantonCB3	-7.579
TGAGCATCATGGTTGT-3	MantonCB3	1.00e+00	4.39e-07	64	MantonCB3	MantonCB2,MantonCB1	-9.589
TGAGCCGGTTACGACT-3S	MantonCB3	1.00e+00	1.27e-12	153	MantonCB3	MantonCB2,MantonCB1	-22.338
TGAGCCGTCAGTGTTG-3	MantonCB3	1.00e+00	1.13e-08	86	MantonCB3	MantonCB2,MantonCB1	-13.251
TGAGGGACAAAGGTGC-1	MantonCB1	1.00e+00	2.21e-13	113	MantonCB1	MantonCB1,MantonCB2	-24.090
TGAGGGAGTCATATGC-2	MantonCB2	1.00e+00	4.35e-05	42	MantonCB2	MantonCB2,MantonCB3	-4.993
TGAGGGAGTGTCGCTG-4	MantonCB4	1.00e+00	8.60e-08	100	MantonCB4	MantonCB2,MantonCB3	-11.218
TGAGGGATCTAACTGG-3	MantonCB3	1.00e+00	2.55e-06	83	MantonCB3	MantonCB2,MantonCB4	-7.828
TGATTTCAGGCCCGTT-1	MantonCB1	1.00e+00	2.77e-14	130	MantonCB1	MantonCB1,MantonCB4	-26.169
TGCACCTAGGACAGAA-3	MantonCB3	1.00e+00	3.62e-07	72	MantonCB3	MantonCB2,MantonCB4	-9.782
TGCACCTCATTAGCCA-3	MantonCB3	1.00e+00	1.42e-10	55	MantonCB3	MantonCB1,MantonCB3	-17.623
TGCCAAACATCCTAGA-1	unassigned	8.18e-01	5.54e-03	15	MantonCB1	MantonCB1,MantonCB4	0.056
TGCCAAATCTAACGGT-1	MantonCB1	1.00e+00	8.16e-05	21	MantonCB1	MantonCB1,MantonCB4	-4.363
TGCCCATAGTTAGGTA-3	MantonCB3	1.00e+00	2.25e-11	106	MantonCB3	MantonCB1,MantonCB3	-19.469
TGCCCTACAGCTGTGC-3	MantonCB3	1.00e+00	1.77e-05	56	MantonCB3	MantonCB2,MantonCB1	-5.894
TGCCCTATCATGTCCC-2	MantonCB2	1.00e+00	1.27e-07	62	MantonCB2	MantonCB2,MantonCB3	-10.827
TGCGCAGGTCCAGTTA-4	MantonCB4	1.00e+00	2.04e-09	82	MantonCB4	MantonCB1,MantonCB4	-14.960
TGCGGGTCAACACGCC-4	MantonCB4	1.00e+00	1.78e-09	89	MantonCB4	MantonCB2,MantonCB3	-15.099
TGCTACCTCGGAATCT-2	MantonCB2	1.00e+00	1.73e-09	113	MantonCB2	MantonCB2,MantonCB3	-15.125
TGCTGCTCACCACGTG-2	MantonCB2	1.00e+00	6.32e-06	59	MantonCB2	MantonCB1,MantonCB2	-6.922
TGCTGCTCAGACAAAT-2	MantonCB2	1.00e+00	2.40e-07	49	MantonCB2	MantonCB2,MantonCB3	-10.194
TGCTGCTTCCTTGGTC-4	MantonCB4	1.00e+00	4.20e-06	65	MantonCB4	MantonCB2,MantonCB3	-7.329
TGGACGCAGATAGTCA-4	MantonCB4	1.00e+00	4.50e-05	50	MantonCB4	MantonCB2,MantonCB4	-4.958
TGGACGCAGGACAGCT-4	MantonCB4	1.00e+00	6.76e-08	93	MantonCB4	MantonCB2,MantonCB3	-11.460
TGGACGCCAGGGTACA-2	MantonCB2	1.00e+00	6.84e-07	70	MantonCB2	MantonCB2,MantonCB1	-9.145
TGGACGCGTAAAGGAG-4	MantonCB4	1.00e+00	3.93e-08	76	MantonCB4	MantonCB2,MantonCB4	-12.001
TGGACGCTCTCCGGTT-1	MantonCB1	1.00e+00	1.06e-07	63	MantonCB1	MantonCB1,MantonCB4	-11.008
TGGCCAGGTAATCGTC-2	MantonCB2	1.00e+00	1.19e-07	59	MantonCB2	MantonCB2,MantonCB3	-10.897
TGGCGCATCATGCATG-1	MantonCB1	1.00e+00	1.45e-05	42	MantonCB1	MantonCB1,MantonCB4	-6.089
TGGCTGGAGGAGTTTA-4	MantonCB4	1.00e+00	2.85e-05	42	MantonCB4	MantonCB1,MantonCB4	-5.417
TGGCTGGAGTGGGTTG-1	MantonCB1	1.00e+00	4.33e-14	120	MantonCB1	MantonCB1,MantonCB2	-25.720
TGGCTGGCACCTCGTT-1	MantonCB1	1.00e+00	1.37e-06	54	MantonCB1	MantonCB1,MantonCB3	-8.453
TGGCTGGGTCGAACAG-2	MantonCB2	1.00e+00	2.19e-06	37	MantonCB2	MantonCB2,MantonCB1	-7.981
TGGCTGGTCTCTGCTG-2	MantonCB2	1.00e+00	4.07e-09	63	MantonCB2	MantonCB2,MantonCB3	-14.270
TGGGAAGAGAGTAATC-1	MantonCB1	1.00e+00	1.18e-13	132	MantonCB1	MantonCB1,MantonCB4	-24.720
TGGGAAGCAATAGAGT-4	MantonCB4	1.00e+00	1.10e-06	67	MantonCB4	MantonCB2,MantonCB3	-8.670
TGGGAAGGTACAGACG-1	MantonCB1	1.00e+00	3.59e-08	44	MantonCB1	MantonCB1,MantonCB2	-12.093
TGGGAAGGTCATTAGC-4	MantonCB4	1.00e+00	3.31e-06	27	MantonCB4	MantonCB1,MantonCB4	-7.568
TGGGAAGGTCTCAACA-2	MantonCB2	1.00e+00	6.55e-07	86	MantonCB2	MantonCB2,MantonCB3	-9.188
TGGGCGTAGAAGCCCA-2	MantonCB2	1.00e+00	6.30e-05	40	MantonCB2	MantonCB2,MantonCB3	-4.623
TGGGCGTAGATAGGAG-2	MantonCB2	1.00e+00	9.12e-05	25	MantonCB2	MantonCB2,MantonCB1	-4.252
TGGGCGTGTTAAGATG-4	MantonCB4	1.00e+00	1.59e-08	61	MantonCB4	MantonCB2,MantonCB3	-12.910
TGGTTAGAGATCGGGT-4	MantonCB4	1.00e+00	1.60e-06	78	MantonCB4	MantonCB2,MantonCB4	-8.297
TGGTTAGCAATCTACG-3	MantonCB3	1.00e+00	4.63e-07	59	MantonCB3	MantonCB2,MantonCB4	-9.535
TGGTTAGCACGAAGCA-3D	unassigned	1.64e-01	8.35e-01	107	MantonCB4	MantonCB2,MantonCB4	6.675
TGGTTAGTCCGCATCT-4	MantonCB4	1.00e+00	1.92e-05	51	MantonCB4	MantonCB2,MantonCB3	-5.809
TGGTTCCAGAACTGTA-4	MantonCB4	1.00e+00	2.87e-07	59	MantonCB4	MantonCB1,MantonCB4	-10.015
TGGTTCCAGATGTGGC-1D	doublet	4.12e-06	1.00e+00	213	MantonCB3	MantonCB1,MantonCB3	17.450
TGGTTCCTCTAACCGA-3	MantonCB3	1.00e+00	7.04e-06	48	MantonCB3	MantonCB1,MantonCB3	-6.814
TGGTTCCTCTCGCATC-4	MantonCB4	1.00e+00	5.91e-07	53	MantonCB4	MantonCB2,MantonCB3	-9.292
TGTATTCGTCCTAGCG-3	MantonCB3	9.19e-01	8.12e-02	84	MantonCB3	MantonCB2,MantonCB1	2.624
TGTATTCTCTGCTGCT-2	MantonCB2	1.00e+00	1.71e-08	61	MantonCB2	MantonCB2,MantonCB3	-12.834
TGTCCCACATTCCTGC-3	MantonCB3	1.00e+00	1.05e-04	52	MantonCB3	MantonCB2,MantonCB1	-4.109
TGTGTTTAGCTAACAA-4	MantonCB4	1.00e+00	1.01e-10	80	MantonCB4	MantonCB2,MantonCB3	-17.964
TGTTCCGAGCTCCCAG-4	MantonCB4	1.00e+00	7.55e-08	64	MantonCB4	MantonCB2,MantonCB3	-11.349
TGTTCCGCAGATAATG-4	MantonCB4	1.00e+00	1.94e-10	78	MantonCB4	MantonCB1,MantonCB4	-17.313
TTAACTCCAAGCGTAG-1	MantonCB1	1.00e+00	3.21e-04	45	MantonCB1	MantonCB1,MantonCB4	-2.994
TTAACTCTCTACCTGC-2	MantonCB2	1.00e+00	3.88e-06	61	MantonCB2	MantonCB2,MantonCB1	-7.410
TTAGGCAAGACGCTTT-4	MantonCB4	1.00e+00	1.95e-05	27	MantonCB4	MantonCB2,MantonCB3	-5.797
TTAGTTCAGACTAAGT-1	MantonCB1	1.00e+00	3.24e-12	140	MantonCB1	MantonCB1,MantonCB4	-21.404
TTAGTTCTCTGGCGAC-1	MantonCB1	1.00e+00	4.98e-13	127	MantonCB1	MantonCB1,MantonCB3	-23.278
TTATGCTCATGATCCA-1	MantonCB1	1.00e+00	1.57e-09	137	MantonCB1	MantonCB1,MantonCB3	-15.221
TTATGCTCATTGAGCT-3	MantonCB3	1.00e+00	7.01e-08	66	MantonCB3	MantonCB2,MantonCB1	-11.423
TTCCCAGCACCACGTG-4	MantonCB4	1.00e+00	3.59e-08	56	MantonCB4	MantonCB1,MantonCB4	-12.092
TTCCCAGGTATGAAAC-2	MantonCB2	1.00e+00	2.71e-10	67	MantonCB2	MantonCB2,MantonCB3	-16.977
TTCGAAGAGCCACGTC-4	MantonCB4	1.00e+00	4.52e-06	35	MantonCB4	MantonCB2,MantonCB3	-7.257
TTCGAAGCACATTAGC-1	MantonCB1	1.00e+00	1.16e-12	112	MantonCB1	MantonCB1,MantonCB3	-22.433
TTCGAAGCAGCCAATT-2	MantonCB2	1.00e+00	1.21e-06	56	MantonCB2	MantonCB1,MantonCB2	-8.578
TTCGAAGCAGCTTCGG-2	MantonCB2	1.00e+00	1.20e-07	55	MantonCB2	MantonCB2,MantonCB3	-10.890
TTCGGTCCAAGCGCTC-2	MantonCB2	1.00e+00	1.64e-06	62	MantonCB2	MantonCB2,MantonCB3	-8.271
TTCGGTCCAATGGAGC-4	MantonCB4	1.00e+00	1.75e-06	55	MantonCB4	MantonCB2,MantonCB3	-8.208
TTCGGTCGTCTAGGTT-4	MantonCB4	1.00e+00	1.19e-05	28	MantonCB4	MantonCB1,MantonCB4	-6.291
TTCTCAAAGCGTTTAC-1	MantonCB1	1.00e+00	2.33e-11	107	MantonCB1	MantonCB1,MantonCB3	-19.432
TTCTCAATCAGTGTTG-4	MantonCB4	1.00e+00	9.51e-07	67	MantonCB4	MantonCB1,MantonCB4	-8.815
TTCTCCTAGGTAAACT-3	MantonCB3	1.00e+00	3.51e-05	34	MantonCB3	MantonCB2,MantonCB4	-5.206
TTCTCCTAGGTCGGAT-3	MantonCB3	1.00e+00	1.53e-11	90	MantonCB3	MantonCB1,MantonCB3	-19.853
TTCTCCTTCAAAGTAG-1	MantonCB1	1.00e+00	1.25e-09	102	MantonCB1	MantonCB1,MantonCB4	-15.451
TTCTTAGCAGGGTATG-2	MantonCB2	1.00e+00	2.32e-06	44	MantonCB2	MantonCB2,MantonCB1	-7.925
TTCTTAGGTTGCTCCT-3	MantonCB3	1.00e+00	2.37e-06	40	MantonCB3	MantonCB2,MantonCB4	-7.900
TTCTTAGTCCAGAGGA-1	MantonCB1	1.00e+00	6.03e-07	67	MantonCB1	MantonCB1,MantonCB3	-9.270
TTGAACGAGCAGCGTA-4	MantonCB4	1.00e+00	7.34e-06	37	MantonCB4	MantonCB2,MantonCB3	-6.772
TTGAACGCACGTAAGG-4	MantonCB4	9.98e-01	1.15e-03	18	MantonCB4	MantonCB1,MantonCB4	-1.713
TTGAACGCAGCCTTGG-3	MantonCB3	1.00e+00	3.66e-05	57	MantonCB3	MantonCB1,MantonCB3	-5.166
TTGAACGTCGGGAGTA-4	MantonCB4	1.00e+00	7.72e-06	55	MantonCB4	MantonCB1,MantonCB4	-6.722
TTGACTTAGACTACAA-1	MantonCB1	1.00e+00	1.68e-13	114	MantonCB1	MantonCB1,MantonCB3	-24.365
TTGACTTAGATGAGAG-3	MantonCB3	1.00e+00	1.21e-09	58	MantonCB3	MantonCB2,MantonCB4	-15.481
TTGACTTAGCTAAACA-2	MantonCB2	1.00e+00	5.62e-11	101	MantonCB2	MantonCB2,MantonCB3	-18.552
TTGACTTCACGGATAG-1	MantonCB1	1.00e+00	1.22e-10	97	MantonCB1	MantonCB1,MantonCB4	-17.776
TTGACTTTCGCAAACT-2	MantonCB2	1.00e+00	2.28e-06	88	MantonCB2	MantonCB2,MantonCB3	-7.941
TTGACTTTCTGGCGTG-2	MantonCB2	1.00e+00	2.26e-05	61	MantonCB2	MantonCB2,MantonCB3	-5.646
TTGCCGTCAATCCAAC-1	MantonCB1	9.96e-01	2.86e-03	28	MantonCB1	MantonCB1,MantonCB2	-0.801
TTGCCGTCACATGGGA-2	MantonCB2	1.00e+00	3.01e-07	82	MantonCB2	MantonCB2,MantonCB3	-9.967
TTGCCGTGTCACAAGG-2	MantonCB2	1.00e+00	3.55e-06	57	MantonCB2	MantonCB2,MantonCB3	-7.499
TTGCGTCCACCAGTTA-4	MantonCB4	9.99e-01	1.28e-03	57	MantonCB4	MantonCB2,MantonCB3	-1.606
TTGGAACAGATCCCGC-2	MantonCB2	1.00e+00	1.84e-08	61	MantonCB2	MantonCB2,MantonCB3	-12.758
TTGTAGGCAATGTAAG-3	MantonCB3	1.00e+00	2.42e-09	109	MantonCB3	MantonCB1,MantonCB3	-14.788
TTTACTGAGATATGGT-1	MantonCB1	1.00e+00	3.18e-18	153	MantonCB1	MantonCB1,MantonCB4	-35.239
TTTACTGCATCACGTA-3	MantonCB3	1.00e+00	7.45e-07	63	MantonCB3	MantonCB2,MantonCB4	-9.060
TTTACTGCATCTGGTA-1	MantonCB1	1.00e+00	1.07e-08	77	MantonCB1	MantonCB1,MantonCB2	-13.305
TTTACTGTCACTCTTA-2	MantonCB2	1.00e+00	2.79e-09	63	MantonCB2	MantonCB2,MantonCB3	-14.645
TTTATGCAGAATGTGT-3	MantonCB3	1.00e+00	1.63e-06	55	MantonCB3	MantonCB2,MantonCB1	-8.279
TTTATGCCATTGGGCC-4	MantonCB4	1.00e+00	1.77e-05	59	MantonCB4	MantonCB2,MantonCB3	-5.893
TTTCCTCAGGCAGGTT-3D	doublet	5.15e-15	1.00e+00	213	MantonCB1	MantonCB1,MantonCB3	37.949
TTTCCTCCACCGTTGG-3	MantonCB3	9.76e-01	1.69e-02	22	MantonCB3	MantonCB2,MantonCB1	0.993
TTTCCTCTCTTGAGGT-1	MantonCB1	9.63e-01	7.27e-03	17	MantonCB1	MantonCB1,MantonCB2	0.163
TTTGTCACAGTCGTGC-4	MantonCB4	1.00e+00	4.29e-07	50	MantonCB4	MantonCB1,MantonCB4	-9.610
TTTGTCATCCATGCTC-1	MantonCB1	1.00e+00	3.82e-10	90	MantonCB1	MantonCB1,MantonCB4	-16.634
